Source;Length
Small site;1,018
Small site;1,465
Small site;1,184
Small site;1,018
Small site;1,474
Small site;1,351
Small site;3,383
Small site;1,198
Small site;0,955
Small site;2,758
Small site;3,212
Small site;1,584
Small site;2,416
Small site;4,655
Small site;2,468
Small site;2,471
Small site;4,412
Small site;2,363
Small site;4,108
Small site;2,535
Small site;4,647
Small site;4,337
Small site;4,795
Small site;4,881
Small site;0,958
Small site;0,891
Small site;1,383
Small site;1,24
Small site;1,071
Small site;1,158
Small site;1,041
Small site;1,22
Small site;1,215
Small site;2,552
Small site;4,443
Small site;4,813
Small site;4,912
Small site;4,988
Small site;1,017
Small site;3,832
Small site;4,997
Small site;0,352
Small site;0,857
Small site;1,115
Small site;1,555
Small site;1,268
Small site;1,094
Small site;1,533
Small site;3,116
Small site;3,41
Small site;1,151
Small site;1,646
Small site;2,472
Small site;4,665
Small site;2,525
Small site;2,532
Small site;4,43
Small site;2,433
Small site;4,135
Small site;2,607
Small site;4,671
Small site;4,368
Small site;4,822
Small site;4,909
Small site;1,019
Small site;0,791
Small site;1,054
Small site;0,985
Small site;0,828
Small site;1,471
Small site;1,325
Small site;1,152
Small site;1,224
Small site;1,094
Small site;1,276
Small site;1,245
Small site;2,616
Small site;4,463
Small site;1,109
Small site;0,153
Small site;1,047
Small site;1,311
Small site;1,741
Small site;0,746
Small site;1,446
Small site;1,263
Small site;1,67
Small site;2,198
Small site;3,19
Small site;3,481
Small site;1,786
Small site;3,132
Small site;2,601
Small site;2,655
Small site;2,667
Small site;4,484
Small site;2,587
Small site;4,206
Small site;2,763
Small site;4,735
Small site;4,447
Small site;4,892
Small site;4,983
Small site;1,212
Small site;1,25
Small site;1,178
Small site;1,02
Small site;1,657
Small site;1,505
Small site;1,328
Small site;1,376
Small site;1,226
Small site;1,41
Small site;2,759
Small site;4,52
Small site;1,525
Small site;1,299
Small site;0,352
Small site;0,153
Small site;1,198
Small site;1,459
Small site;1,879
Small site;0,873
Small site;1,578
Small site;1,39
Small site;1,771
Small site;2,301
Small site;3,083
Small site;3,239
Small site;3,527
Small site;0,441
Small site;1,889
Small site;3,172
Small site;2,995
Small site;2,693
Small site;4,723
Small site;2,748
Small site;2,764
Small site;4,514
Small site;2,699
Small site;4,25
Small site;3,815
Small site;2,875
Small site;3,458
Small site;4,773
Small site;4,497
Small site;4,934
Small site;1,363
Small site;1,129
Small site;1,397
Small site;1,323
Small site;1,164
Small site;1,795
Small site;1,639
Small site;1,458
Small site;1,489
Small site;1,327
Small site;1,511
Small site;2,541
Small site;2,861
Small site;4,553
Small site;1,52
Small site;1,441
Small site;1,862
Small site;1,246
Small site;1,213
Small site;1,086
Small site;1,734
Small site;0,648
Small site;0,447
Small site;0,657
Small site;2,056
Small site;1,583
Small site;1,05
Small site;1,194
Small site;1,416
Small site;1,402
Small site;1,586
Small site;1,477
Small site;1,615
Small site;1,723
Small site;2,028
Small site;2,027
Small site;2,595
Small site;1,404
Small site;0,473
Small site;1,136
Small site;1,842
Small site;1,638
Small site;1,486
Small site;1,735
Small site;1,804
Small site;1,902
Small site;2,633
Small site;2,449
Small site;2,046
Small site;2,065
Small site;2,011
Small site;2,16
Small site;2,43
Small site;0,548
Small site;0,765
Small site;1,293
Small site;1,873
Small site;2,749
Small site;2,378
Small site;2,993
Small site;1,768
Small site;3,013
Small site;3,115
Small site;1,853
Small site;1,933
Small site;3,441
Small site;2,159
Small site;2,377
Small site;2,744
Small site;2,278
Small site;2,338
Small site;2,384
Small site;2,431
Small site;2,487
Small site;2,521
Small site;2,712
Small site;2,614
Small site;2,765
Small site;3,269
Small site;0,082
Small site;0,332
Small site;0,136
Small site;3,456
Small site;2,373
Small site;1,388
Small site;1,18
Small site;2,026
Small site;2,574
Small site;2,31
Small site;0,215
Small site;1,253
Small site;2,215
Small site;2,352
Small site;2,44
Small site;2,335
Small site;2,554
Small site;1,992
Small site;0,454
Small site;1,06
Small site;0,738
Small site;0,421
Small site;2,859
Small site;0,67
Small site;0,796
Small site;0,889
Small site;1,847
Small site;1,13
Small site;1,484
Small site;1,226
Small site;0,246
Small site;0,747
Small site;1,389
Small site;0,887
Small site;0,935
Small site;0,215
Small site;0,279
Small site;1,312
Small site;0,591
Small site;0,881
Small site;0,959
Small site;1,048
Small site;1,165
Small site;0,724
Small site;0,062
Small site;4,874
Small site;4,77
Small site;4,561
Small site;4,059
Small site;4,102
Small site;3,557
Small site;3,371
Small site;2,989
Small site;2,923
Small site;3,047
Small site;1,286
Small site;4,089
Small site;3,663
Small site;3,304
Small site;3,91
Small site;3,932
Small site;4,034
Small site;4,356
Small site;3,271
Small site;3,665
Small site;3,845
Small site;3,232
Small site;0,91
Small site;4,831
Small site;4,746
Small site;4,733
Small site;4,603
Small site;4,509
Small site;4,364
Small site;3,257
Small site;4,728
Small site;0,062
Small site;0,949
Small site;0,454
Small site;4,575
Small site;4,464
Small site;4,397
Small site;2,981
Small site;2,851
Small site;2,377
Small site;2,306
Small site;2,095
Small site;2,049
Small site;1,399
Small site;0,333
Small site;2,535
Small site;1,799
Small site;1,806
Small site;1,001
Small site;2,192
Small site;0,837
Small site;3,209
Small site;2,699
Small site;3,393
Small site;0,964
Small site;1,251
Small site;1,343
Small site;1,788
Small site;2,278
Small site;2,83
Small site;3,064
Small site;1,574
Small site;1,399
Small site;1,461
Small site;1,938
Small site;1,734
Small site;1,622
Small site;1,632
Small site;1,745
Small site;2,138
Small site;0,826
Small site;0,102
Small site;4,814
Small site;4,749
Small site;4,738
Small site;4,565
Small site;4,485
Small site;4,455
Small site;3,813
Small site;2,217
Small site;1,598
Small site;1,198
Small site;1,423
Small site;0,523
Small site;1,271
Small site;0,499
Small site;0,477
Small site;4,687
Small site;1,242
Small site;1,268
Small site;1,245
Small site;1,339
Small site;1,832
Small site;1,457
Small site;1,154
Small site;3,766
Small site;3,643
Small site;3,168
Small site;3,09
Small site;2,862
Small site;2,778
Small site;1,705
Small site;0,062
Small site;4,69
Small site;2,986
Small site;4,003
Small site;3,485
Small site;4,18
Small site;1,568
Small site;4,176
Small site;4,267
Small site;1,898
Small site;1,98
Small site;2,458
Small site;2,998
Small site;3,573
Small site;3,815
Small site;2,116
Small site;1,799
Small site;1,864
Small site;2,546
Small site;2,223
Small site;2,016
Small site;1,831
Small site;2,299
Small site;2
Small site;2,19
Small site;0,316
Small site;4,693
Small site;2,925
Small site;2,041
Small site;1,87
Small site;1,597
Small site;1,279
Small site;1,69
Small site;1,489
Small site;1,569
Small site;2,445
Small site;1,666
Small site;1,688
Small site;0,857
Small site;1,047
Small site;1,198
Small site;0,593
Small site;1,537
Small site;0,927
Small site;2,521
Small site;0,572
Small site;1,639
Small site;4,814
Small site;4,859
Small site;0,573
Small site;1,018
Small site;1,115
Small site;1,311
Small site;1,459
Small site;4,874
Small site;0,593
Small site;3,639
Small site;2,849
Small site;3,867
Small site;2,059
Small site;3,425
Small site;3,775
Small site;1,344
Small site;3,92
Small site;3,718
Small site;3,886
Small site;4,856
Small site;2,275
Small site;4,872
Small site;2,226
Small site;0,814
Small site;2,125
Small site;4,236
Small site;4,799
Small site;4,917
Small site;4,852
Small site;4,116
Small site;1,47
Small site;1,652
Small site;3,02
Small site;3,96
Small site;4,052
Small site;4,103
Small site;4,353
Small site;4,445
Small site;4,477
Small site;4,82
Small site;4,623
Small site;4,681
Small site;4,83
Small site;4,88
Small site;4,913
Small site;4,93
Small site;0,526
Small site;0,642
Small site;3,329
Small site;1,629
Small site;3,127
Small site;3,071
Small site;3,018
Small site;2,758
Small site;2,551
Small site;2,718
Small site;2,801
Small site;2,706
Small site;3,06
Small site;2,859
Small site;2,952
Small site;3,007
Small site;2,799
Small site;3,192
Small site;1,955
Small site;2,217
Small site;2,337
Small site;1,71
Small site;3,101
Small site;2,607
Small site;3,535
Small site;3,03
Small site;4,227
Small site;4,253
Small site;4,576
Small site;2,639
Small site;2,959
Small site;3,255
Small site;1,465
Small site;1,555
Small site;1,741
Small site;1,879
Small site;4,77
Small site;4,575
Small site;1,015
Small site;0,712
Small site;3,907
Small site;3,983
Small site;3,742
Small site;3,082
Small site;3,147
Small site;4,289
Small site;2,514
Small site;2,56
Small site;3,414
Small site;3,719
Small site;3,712
Small site;1,826
Small site;3,833
Small site;3,637
Small site;3,794
Small site;2,901
Small site;4,712
Small site;2,29
Small site;4,713
Small site;2,216
Small site;1,277
Small site;2,071
Small site;4,058
Small site;4,589
Small site;4,705
Small site;4,62
Small site;3,877
Small site;0,697
Small site;1,617
Small site;1,801
Small site;2,055
Small site;2,722
Small site;2,79
Small site;2,847
Small site;3,908
Small site;3,991
Small site;3,897
Small site;3,914
Small site;4,163
Small site;4,277
Small site;4,293
Small site;4,708
Small site;4,394
Small site;4,504
Small site;4,674
Small site;4,652
Small site;4,691
Small site;4,67
Small site;4,967
Small site;0,586
Small site;0,732
Small site;0,085
Small site;0,259
Small site;0,598
Small site;0,811
Small site;0,744
Small site;3,661
Small site;2,576
Small site;2,042
Small site;2,002
Small site;1,971
Small site;3,441
Small site;3,379
Small site;3,341
Small site;3,158
Small site;2,975
Small site;2,786
Small site;2,8
Small site;2,754
Small site;2,973
Small site;3,067
Small site;2,979
Small site;2,76
Small site;3,126
Small site;3,418
Small site;3,247
Small site;3,341
Small site;3,402
Small site;3,2
Small site;3,166
Small site;3,579
Small site;4,231
Small site;4,222
Small site;4,155
Small site;4,097
Small site;2,45
Small site;2,725
Small site;2,847
Small site;2,175
Small site;4,155
Small site;4,021
Small site;3,472
Small site;2,885
Small site;3,507
Small site;3,128
Small site;3,281
Small site;3,025
Small site;4,059
Small site;4,059
Small site;4,53
Small site;0,453
Small site;4,358
Small site;2,883
Small site;3,289
Small site;3,213
Small site;3,331
Small site;3,625
Small site;4,146
Small site;0,873
Small site;1,015
Small site;0,706
Small site;0,963
Small site;1,071
Small site;1,905
Small site;0,602
Small site;0,644
Small site;0,539
Small site;1,184
Small site;1,268
Small site;1,446
Small site;1,578
Small site;4,561
Small site;4,464
Small site;0,706
Small site;0,214
Small site;0,56
Small site;3,66
Small site;3,417
Small site;2,76
Small site;3,981
Small site;2,326
Small site;3,159
Small site;3,482
Small site;1,567
Small site;3,614
Small site;3,415
Small site;3,578
Small site;4,525
Small site;2,021
Small site;4,535
Small site;1,956
Small site;1,012
Small site;1,83
Small site;3,89
Small site;4,442
Small site;4,559
Small site;4,488
Small site;3,749
Small site;0,603
Small site;1,39
Small site;1,304
Small site;1,489
Small site;2,567
Small site;2,628
Small site;2,673
Small site;3,672
Small site;3,76
Small site;4,002
Small site;4,103
Small site;4,129
Small site;4,503
Small site;4,259
Small site;4,336
Small site;4,494
Small site;4,517
Small site;4,552
Small site;4,557
Small site;4,864
Small site;0,373
Small site;0,48
Small site;0,123
Small site;0,319
Small site;0,508
Small site;0,488
Small site;3,336
Small site;1,649
Small site;3,115
Small site;2,655
Small site;2,477
Small site;2,649
Small site;2,743
Small site;2,654
Small site;3,096
Small site;2,93
Small site;3,025
Small site;2,887
Small site;3,916
Small site;2,508
Small site;2,648
Small site;1,897
Small site;3,857
Small site;3,152
Small site;2,56
Small site;3,26
Small site;2,767
Small site;3,885
Small site;3,901
Small site;0,255
Small site;4,725
Small site;4,216
Small site;4,967
Small site;2,56
Small site;2,968
Small site;3,011
Small site;3,85
Small site;1,018
Small site;1,094
Small site;1,263
Small site;1,39
Small site;4,397
Small site;0,214
Small site;0,544
Small site;3,448
Small site;2,548
Small site;2,189
Small site;2,995
Small site;1,417
Small site;3,474
Small site;3,273
Small site;4,405
Small site;1,849
Small site;4,421
Small site;1,792
Small site;0,864
Small site;3,785
Small site;4,349
Small site;4,467
Small site;4,935
Small site;4,405
Small site;3,671
Small site;1,456
Small site;1,1
Small site;1,284
Small site;2,477
Small site;2,569
Small site;3,61
Small site;3,902
Small site;3,993
Small site;4,025
Small site;4,176
Small site;4,229
Small site;4,379
Small site;4,432
Small site;4,464
Small site;4,487
Small site;4,8
Small site;0,214
Small site;0,328
Small site;0,376
Small site;1,44
Small site;2,44
Small site;2,538
Small site;2,6
Small site;3,802
Small site;4,128
Small site;4,906
Small site;1,474
Small site;1,533
Small site;1,67
Small site;1,771
Small site;0,712
Small site;0,963
Small site;0,56
Small site;0,544
Small site;3,546
Small site;3,627
Small site;3,371
Small site;2,592
Small site;2,67
Small site;2,725
Small site;3,017
Small site;3,007
Small site;1,888
Small site;3,124
Small site;2,929
Small site;4,002
Small site;1,629
Small site;4,005
Small site;1,542
Small site;1,357
Small site;1,379
Small site;3,353
Small site;4,857
Small site;3,894
Small site;4,011
Small site;4,462
Small site;3,934
Small site;3,193
Small site;4,766
Small site;4,614
Small site;0,942
Small site;1,119
Small site;1,284
Small site;1,356
Small site;2,086
Small site;2,139
Small site;3,205
Small site;3,286
Small site;3,461
Small site;3,57
Small site;3,59
Small site;3,996
Small site;3,706
Small site;3,799
Small site;3,966
Small site;3,964
Small site;4,001
Small site;3,998
Small site;4,304
Small site;4,529
Small site;4,903
Small site;4,977
Small site;0,885
Small site;0,929
Small site;0,68
Small site;0,58
Small site;0,571
Small site;0,338
Small site;0,444
Small site;3,291
Small site;2,025
Small site;1,663
Small site;1,641
Small site;1,704
Small site;3,049
Small site;2,47
Small site;2,515
Small site;2,62
Small site;2,544
Small site;3,099
Small site;3,082
Small site;2,88
Small site;3,048
Small site;2,153
Small site;3,175
Small site;2,46
Small site;2,342
Small site;3,352
Small site;3,358
Small site;4,811
Small site;3,666
Small site;2,198
Small site;2,301
Small site;4,102
Small site;4,029
Small site;4,11
Small site;3,851
Small site;3,024
Small site;3,418
Small site;3,184
Small site;2,915
Small site;3,154
Small site;3,123
Small site;3,207
Small site;3,025
Small site;3,163
Small site;3,995
Small site;1,917
Small site;3,234
Small site;3,977
Small site;1,808
Small site;2,822
Small site;1,608
Small site;1,59
Small site;1,737
Small site;1,557
Small site;3,329
Small site;3,397
Small site;3,279
Small site;3,327
Small site;3,537
Small site;4,029
Small site;3,75
Small site;3,943
Small site;3,783
Small site;4,147
Small site;3,772
Small site;2,427
Small site;2,162
Small site;2,145
Small site;2,225
Small site;3,524
Small site;3,454
Small site;3,448
Small site;3,305
Small site;2,894
Small site;2,795
Small site;2,966
Small site;3,075
Small site;3,006
Small site;2,81
Small site;3,597
Small site;3,499
Small site;3,594
Small site;3,486
Small site;3,51
Small site;3,386
Small site;3,544
Small site;2,68
Small site;4,527
Small site;4,457
Small site;3,678
Small site;2,928
Small site;2,978
Small site;2,649
Small site;2,765
Small site;2,556
Small site;2,841
Small site;2,861
Small site;3,485
Small site;3,42
Small site;3,545
Small site;3,823
Small site;4,53
Small site;1,351
Small site;1,05
Small site;1,32
Small site;4,66
Small site;4,509
Small site;4,153
Small site;3,623
Small site;4,493
Small site;4,342
Small site;3,675
Small site;3,728
Small site;4,049
Small site;4,259
Small site;4,595
Small site;4,725
Small site;4,801
Small site;4,877
Small site;0,179
Small site;4,521
Small site;1,862
Small site;2,633
Small site;2,981
Small site;3,766
Small site;0,201
Small site;0,928
Small site;4,29
Small site;4,372
Small site;4,11
Small site;3,184
Small site;3,827
Small site;2,627
Small site;2,491
Small site;2,771
Small site;2,712
Small site;2,359
Small site;2,746
Small site;2,591
Small site;2,695
Small site;2,146
Small site;3,392
Small site;1,891
Small site;2,698
Small site;3,351
Small site;1,764
Small site;2,331
Small site;2,527
Small site;1,54
Small site;2,454
Small site;4,2
Small site;2,683
Small site;4,044
Small site;3,107
Small site;3,215
Small site;2,114
Small site;3,591
Small site;3,088
Small site;2,358
Small site;1,073
Small site;0,876
Small site;3,826
Small site;3,676
Small site;1,292
Small site;1,654
Small site;0,317
Small site;0,282
Small site;1,459
Small site;1,432
Small site;1,521
Small site;1,629
Small site;2,921
Small site;2,967
Small site;2,824
Small site;2,155
Small site;2,519
Small site;2,764
Small site;2,75
Small site;2,916
Small site;2,891
Small site;3,473
Small site;2,876
Small site;3,106
Small site;2,812
Small site;3,324
Small site;2,924
Small site;3,13
Small site;3,18
Small site;3,081
Small site;3,35
Small site;3,589
Small site;4,017
Small site;4
Small site;4,378
Small site;4,456
Small site;1,791
Small site;4,027
Small site;4,392
Small site;4,036
Small site;2,556
Small site;2,537
Small site;2,546
Small site;2,549
Small site;3,043
Small site;2,963
Small site;3,017
Small site;3,174
Small site;3,288
Small site;3,24
Small site;3,731
Small site;3,924
Small site;3,889
Small site;3,98
Small site;3,904
Small site;4,977
Small site;4,958
Small site;4,024
Small site;2,65
Small site;2,406
Small site;2,469
Small site;2,334
Small site;2,713
Small site;2,643
Small site;3,025
Small site;3,897
Small site;3,198
Small site;1,74
Small site;2,482
Small site;2,868
Small site;3,435
Small site;3,065
Small site;3,831
Small site;3,779
Small site;3,902
Small site;4,156
Small site;4,989
Small site;1,709
Small site;2,449
Small site;2,851
Small site;3,643
Small site;4,135
Small site;4,217
Small site;3,955
Small site;3,018
Small site;2,426
Small site;2,291
Small site;2,571
Small site;2,513
Small site;2,158
Small site;2,55
Small site;2,392
Small site;2,5
Small site;3,215
Small site;1,712
Small site;2,509
Small site;3,179
Small site;1,585
Small site;2,136
Small site;2,344
Small site;1,362
Small site;4,052
Small site;2,509
Small site;3,896
Small site;2,952
Small site;3,061
Small site;3,452
Small site;2,942
Small site;2,206
Small site;0,876
Small site;0,676
Small site;3,703
Small site;3,552
Small site;1,279
Small site;1,239
Small site;1,327
Small site;1,433
Small site;2,722
Small site;2,769
Small site;2,628
Small site;2,347
Small site;2,579
Small site;2,581
Small site;2,741
Small site;2,721
Small site;3,289
Small site;2,727
Small site;2,937
Small site;2,689
Small site;3,15
Small site;2,982
Small site;3,03
Small site;2,95
Small site;3,228
Small site;3,465
Small site;3,883
Small site;3,886
Small site;4,227
Small site;4,305
Small site;4,235
Small site;3,882
Small site;2,391
Small site;2,377
Small site;2,426
Small site;2,876
Small site;2,806
Small site;2,862
Small site;3,015
Small site;3,13
Small site;3,086
Small site;3,782
Small site;3,759
Small site;3,849
Small site;3,885
Small site;2,45
Small site;2,268
Small site;2,536
Small site;2,475
Small site;2,874
Small site;3,768
Small site;3,08
Small site;2,281
Small site;2,713
Small site;3,319
Small site;2,906
Small site;3,766
Small site;2,684
Small site;1,956
Small site;2,092
Small site;1,914
Small site;2,777
Small site;2,751
Small site;1,225
Small site;1,015
Small site;3,679
Small site;2,082
Small site;3,524
Small site;2,566
Small site;2,68
Small site;3,104
Small site;2,582
Small site;0,403
Small site;0,227
Small site;0,926
Small site;0,773
Small site;0,859
Small site;0,959
Small site;2,243
Small site;2,292
Small site;2,167
Small site;2,311
Small site;2,304
Small site;2,834
Small site;2,358
Small site;2,519
Small site;2,719
Small site;2,617
Small site;2,658
Small site;3,543
Small site;3,846
Small site;3,924
Small site;2,24
Small site;2,259
Small site;2,564
Small site;2,705
Small site;2,786
Small site;1,974
Small site;1,797
Small site;2,101
Small site;2,061
Small site;3,442
Small site;2,331
Small site;3,083
Small site;1,246
Small site;2,046
Small site;2,377
Small site;3,168
Small site;3,048
Small site;4,103
Small site;2,201
Small site;2,101
Small site;2,28
Small site;1,931
Small site;2,211
Small site;2,074
Small site;2,158
Small site;2,79
Small site;1,713
Small site;2,126
Small site;2,744
Small site;1,589
Small site;1,937
Small site;1,385
Small site;1,861
Small site;3,585
Small site;2,078
Small site;3,43
Small site;2,492
Small site;2,599
Small site;2,981
Small site;2,474
Small site;1,742
Small site;0,587
Small site;3,228
Small site;3,077
Small site;0,688
Small site;0,188
Small site;0,339
Small site;2,056
Small site;2,093
Small site;1,296
Small site;0,901
Small site;0,989
Small site;1,11
Small site;2,411
Small site;2,444
Small site;2,29
Small site;1,913
Small site;2,18
Small site;2,139
Small site;2,311
Small site;2,281
Small site;2,886
Small site;2,261
Small site;2,495
Small site;2,215
Small site;2,718
Small site;2,515
Small site;2,564
Small site;2,476
Small site;2,754
Small site;2,99
Small site;3,41
Small site;3,412
Small site;3,763
Small site;3,841
Small site;2,443
Small site;2,616
Small site;2,633
Small site;2,937
Small site;3,075
Small site;3,188
Small site;3,158
Small site;3,89
Small site;4,341
Small site;4,538
Small site;4,001
Small site;2,197
Small site;2,022
Small site;2,044
Small site;2,113
Small site;2,033
Small site;3,294
Small site;2,605
Small site;2,016
Small site;2,252
Small site;2,844
Small site;2,967
Small site;3,116
Small site;3,19
Small site;3,239
Small site;1,213
Small site;2,065
Small site;2,306
Small site;3,09
Small site;0,687
Small site;4,424
Small site;3,194
Small site;4,257
Small site;2,297
Small site;2,208
Small site;2,353
Small site;2,273
Small site;3,494
Small site;2,028
Small site;2,263
Small site;2,137
Small site;2,21
Small site;2,788
Small site;1,859
Small site;2,156
Small site;2,733
Small site;1,737
Small site;1,842
Small site;1,953
Small site;1,535
Small site;1,875
Small site;3,535
Small site;2,074
Small site;3,38
Small site;2,454
Small site;2,559
Small site;1,523
Small site;2,92
Small site;2,423
Small site;1,703
Small site;0,737
Small site;3,15
Small site;3,001
Small site;0,706
Small site;0,933
Small site;0,396
Small site;2,213
Small site;2,25
Small site;1,446
Small site;0,974
Small site;1,06
Small site;1,184
Small site;2,475
Small site;2,501
Small site;2,343
Small site;2,077
Small site;1,907
Small site;2,199
Small site;2,125
Small site;2,306
Small site;2,267
Small site;2,9
Small site;2,216
Small site;2,479
Small site;2,136
Small site;2,71
Small site;2,467
Small site;2,519
Small site;2,406
Small site;2,674
Small site;2,913
Small site;3,344
Small site;3,325
Small site;3,717
Small site;3,795
Small site;2,593
Small site;2,773
Small site;2,791
Small site;3,088
Small site;3,224
Small site;3,337
Small site;3,309
Small site;4,043
Small site;4,494
Small site;4,69
Small site;4,154
Small site;2,285
Small site;2,131
Small site;2,142
Small site;2,116
Small site;2,019
Small site;2,367
Small site;3,222
Small site;2,523
Small site;2,1
Small site;2,215
Small site;2,76
Small site;3,117
Small site;3,383
Small site;3,41
Small site;3,481
Small site;3,527
Small site;1,086
Small site;2,011
Small site;1,701
Small site;2,095
Small site;2,862
Small site;0,928
Small site;0,807
Small site;0,446
Small site;0,297
Small site;0,765
Small site;1,888
Small site;4,645
Small site;3,41
Small site;4,549
Small site;2,395
Small site;2,375
Small site;2,331
Small site;2,401
Small site;3,788
Small site;2,133
Small site;2,272
Small site;2,218
Small site;2,031
Small site;2,082
Small site;2,124
Small site;2,619
Small site;1,963
Small site;1,858
Small site;1,897
Small site;1,774
Small site;1,816
Small site;3,349
Small site;1,979
Small site;3,195
Small site;2,296
Small site;2,395
Small site;1,462
Small site;2,72
Small site;2,241
Small site;1,55
Small site;0,888
Small site;0,987
Small site;2,923
Small site;2,776
Small site;0,714
Small site;0,897
Small site;0,557
Small site;1,094
Small site;0,379
Small site;1,21
Small site;2,282
Small site;0,662
Small site;1,076
Small site;1,267
Small site;1,412
Small site;1,501
Small site;2,62
Small site;2,493
Small site;2,521
Small site;1,685
Small site;1,06
Small site;1,136
Small site;1,26
Small site;0,831
Small site;2,504
Small site;2,517
Small site;2,352
Small site;2,034
Small site;1,28
Small site;1,812
Small site;2,146
Small site;2,01
Small site;2,207
Small site;2,151
Small site;2,828
Small site;2,047
Small site;2,358
Small site;1,914
Small site;2,601
Small site;2,006
Small site;2,289
Small site;2,345
Small site;2,196
Small site;2,446
Small site;2,689
Small site;3,134
Small site;3,085
Small site;3,537
Small site;3,614
Small site;0,952
Small site;1,086
Small site;1,858
Small site;1,913
Small site;4,646
Small site;4,323
Small site;2,828
Small site;3,044
Small site;3,064
Small site;3,321
Small site;3,451
Small site;3,563
Small site;3,54
Small site;3,423
Small site;4,283
Small site;4,314
Small site;4,397
Small site;4,787
Small site;4,984
Small site;3,948
Small site;4,397
Small site;2,365
Small site;2,258
Small site;2,245
Small site;2,223
Small site;2,032
Small site;1,908
Small site;2,2
Small site;3,003
Small site;2,291
Small site;0,887
Small site;1,658
Small site;2,039
Small site;2,087
Small site;2,175
Small site;2,059
Small site;2,525
Small site;3,345
Small site;4,213
Small site;4,293
Small site;0,765
Small site;1,174
Small site;2,926
Small site;2,081
Small site;2,514
Small site;1,095
Small site;0,296
Small site;2,022
Small site;2,062
Small site;2,955
Small site;3,247
Small site;3,325
Small site;1,481
Small site;1,192
Small site;2,16
Small site;2,049
Small site;2,778
Small site;4,881
Small site;4,961
Small site;3,725
Small site;2,658
Small site;2,654
Small site;2,609
Small site;2,63
Small site;2,401
Small site;2,473
Small site;2,419
Small site;2,321
Small site;2,4
Small site;2,29
Small site;2,696
Small site;2,283
Small site;2,07
Small site;2,046
Small site;2,095
Small site;1,964
Small site;3,326
Small site;2,088
Small site;3,176
Small site;2,324
Small site;2,413
Small site;1,619
Small site;2,419
Small site;2,683
Small site;2,238
Small site;1,604
Small site;2,84
Small site;2,697
Small site;0,871
Small site;0,443
Small site;0,234
Small site;1,121
Small site;2,332
Small site;2,84
Small site;2,007
Small site;1,335
Small site;1,404
Small site;1,526
Small site;2,717
Small site;2,721
Small site;2,551
Small site;2,194
Small site;1,277
Small site;1,924
Small site;2,293
Small site;2,551
Small site;2,096
Small site;2,306
Small site;2,232
Small site;2,948
Small site;2,064
Small site;2,43
Small site;1,853
Small site;2,684
Small site;1,903
Small site;2,29
Small site;2,351
Small site;2,15
Small site;2,366
Small site;2,612
Small site;3,077
Small site;2,976
Small site;3,521
Small site;3,597
Small site;1,015
Small site;4,961
Small site;4,64
Small site;3,148
Small site;3,033
Small site;3,363
Small site;3,383
Small site;3,641
Small site;3,769
Small site;3,881
Small site;3,859
Small site;3,744
Small site;4,603
Small site;4,635
Small site;4,719
Small site;4,257
Small site;4,718
Small site;2,616
Small site;2,539
Small site;2,512
Small site;2,51
Small site;2,151
Small site;1,999
Small site;2,217
Small site;2,933
Small site;2,208
Small site;0,942
Small site;2,425
Small site;2,093
Small site;2,431
Small site;3,664
Small site;4,534
Small site;4,498
Small site;4,614
Small site;4,832
Small site;1,734
Small site;2,43
Small site;1,06
Small site;1,399
Small site;1,705
Small site;4,875
Small site;3,659
Small site;3,435
Small site;3,54
Small site;3,489
Small site;3,212
Small site;3,249
Small site;2,925
Small site;2,958
Small site;2,883
Small site;3,319
Small site;2,611
Small site;2,46
Small site;3,572
Small site;2,671
Small site;2,35
Small site;3,438
Small site;2,291
Small site;2,466
Small site;2,185
Small site;2,355
Small site;1,954
Small site;2,118
Small site;1,801
Small site;1,87
Small site;1,731
Small site;1,67
Small site;1,76
Small site;2,098
Small site;1,994
Small site;1,094
Small site;3,082
Small site;0,953
Small site;0,83
Small site;0,829
Small site;0,21
Small site;0,241
Small site;0,341
Small site;0,294
Small site;4,277
Small site;4,268
Small site;3,36
Small site;2,434
Small site;2,452
Small site;2,527
Small site;3,198
Small site;3,142
Small site;2,982
Small site;2,505
Small site;1,349
Small site;2,098
Small site;2,516
Small site;2,735
Small site;2,081
Small site;2,289
Small site;2,152
Small site;1,728
Small site;2,239
Small site;1,23
Small site;2,482
Small site;2,51
Small site;1,787
Small site;1,853
Small site;1,457
Small site;1,419
Small site;1,611
Small site;2,087
Small site;1,751
Small site;2,671
Small site;2,73
Small site;1,558
Small site;4,379
Small site;4,774
Small site;4,805
Small site;4,967
Small site;3,329
Small site;3,45
Small site;3,234
Small site;3,335
Small site;3,47
Small site;2,049
Small site;1,822
Small site;1,904
Small site;1,296
Small site;0,182
Small site;0,199
Small site;3,159
Small site;1,393
Small site;0,088
Small site;0,184
Small site;0,604
Small site;0,627
Small site;0,651
Small site;2,108
Small site;1,999
Small site;1,556
Small site;1,703
Small site;1,738
Small site;1,928
Small site;2,042
Small site;1,811
Small site;2,083
Small site;0,459
Small site;1,009
Small site;0,088
Small site;0,186
Small site;0,595
Small site;1,183
Small site;1,245
Small site;1,436
Small site;0,638
Small site;1,964
Small site;0,543
Small site;0,346
Small site;0,204
Small site;0,186
Small site;1,517
Small site;1,449
Small site;1,618
Small site;1,657
Small site;1,85
Small site;1,963
Small site;1,728
Small site;1,997
Small site;1,688
Small site;1,868
Small site;1,952
Small site;0,599
Small site;0,442
Small site;0,522
Small site;0,59
Small site;0,705
Small site;0,688
Small site;0,743
Small site;1,833
Small site;0,086
Small site;0,094
Small site;1,503
Small site;1,533
Small site;1,721
Small site;1,836
Small site;1,607
Small site;1,887
Small site;0,406
Small site;0,939
Small site;0,184
Small site;0,186
Small site;1,366
Small site;1,429
Small site;1,622
Small site;2,25
Small site;2,149
Small site;1,04
Small site;0,452
Small site;0,534
Small site;0,639
Small site;0,881
Small site;0,521
Small site;0,234
Small site;0,359
Small site;0,371
Small site;1,239
Small site;1,409
Small site;1,7
Small site;1,632
Small site;1,772
Small site;1,72
Small site;1,778
Small site;1,98
Small site;2,089
Small site;1,843
Small site;2,088
Small site;1,872
Small site;2,052
Small site;2,137
Small site;0,782
Small site;0,596
Small site;0,397
Small site;0,718
Small site;0,815
Small site;0,807
Small site;0,35
Small site;0,604
Small site;0,595
Small site;0,705
Small site;1,776
Small site;1,808
Small site;2,012
Small site;2,612
Small site;2,654
Small site;2,523
Small site;1,203
Small site;1,317
Small site;1,352
Small site;1,555
Small site;1,528
Small site;1,46
Small site;0,718
Small site;0,689
Small site;0,604
Small site;0,826
Small site;0,992
Small site;1,049
Small site;1,293
Small site;0,736
Small site;0,939
Small site;0,65
Small site;0,716
Small site;0,778
Small site;0,625
Small site;1,651
Small site;1,823
Small site;2,069
Small site;2,001
Small site;2,257
Small site;2,16
Small site;1,864
Small site;1,963
Small site;2,185
Small site;2,28
Small site;2,012
Small site;2,194
Small site;2,248
Small site;2,431
Small site;2,585
Small site;2,518
Small site;1,416
Small site;1,164
Small site;1,014
Small site;0,812
Small site;0,938
Small site;0,991
Small site;1,104
Small site;0,839
Small site;0,631
Small site;0,653
Small site;0,485
Small site;0,929
Small site;1,124
Small site;1,217
Small site;1,222
Small site;1,194
Small site;0,823
Small site;0,77
Small site;0,627
Small site;0,688
Small site;1,76
Small site;1,763
Small site;1,975
Small site;2,553
Small site;2,592
Small site;2,473
Small site;1,195
Small site;1,281
Small site;1,322
Small site;1,557
Small site;1,534
Small site;1,467
Small site;0,811
Small site;0,748
Small site;0,914
Small site;1,085
Small site;1,325
Small site;0,775
Small site;0,944
Small site;0,656
Small site;0,77
Small site;0,7
Small site;1,637
Small site;1,811
Small site;2,017
Small site;1,949
Small site;2,221
Small site;2,12
Small site;1,742
Small site;1,849
Small site;2,074
Small site;2,165
Small site;1,894
Small site;2,065
Small site;2,2
Small site;2,382
Small site;2,519
Small site;2,472
Small site;1,405
Small site;1,128
Small site;1,036
Small site;0,841
Small site;0,99
Small site;1,043
Small site;1,172
Small site;0,881
Small site;0,686
Small site;0,756
Small site;1,023
Small site;1,163
Small site;1,261
Small site;1,251
Small site;1,174
Small site;0,928
Small site;0,785
Small site;1,183
Small site;1,366
Small site;1,776
Small site;1,76
Small site;1,816
Small site;0,576
Small site;0,176
Small site;0,298
Small site;0,356
Small site;0,404
Small site;1,384
Small site;1,598
Small site;1,322
Small site;1,557
Small site;1,325
Small site;0,128
Small site;1,636
Small site;1,521
Small site;1,702
Small site;1,621
Small site;2,005
Small site;1,943
Small site;1,113
Small site;0,363
Small site;0,657
Small site;0,223
Small site;1,244
Small site;1,469
Small site;1,593
Small site;1,724
Small site;1,39
Small site;1,352
Small site;1,866
Small site;0,586
Small site;1,468
Small site;1,245
Small site;1,429
Small site;1,808
Small site;1,763
Small site;1,839
Small site;0,719
Small site;0,706
Small site;1,559
Small site;1,361
Small site;1,755
Small site;1,519
Small site;1,767
Small site;1,204
Small site;1,468
Small site;0,281
Small site;1,834
Small site;0,443
Small site;1,372
Small site;1,633
Small site;1,724
Small site;1,846
Small site;1,593
Small site;1,573
Small site;1,745
Small site;0,658
Small site;1,669
Small site;1,436
Small site;1,622
Small site;2,012
Small site;1,975
Small site;2,046
Small site;0,768
Small site;0,554
Small site;1,706
Small site;1,522
Small site;1,912
Small site;1,655
Small site;1,897
Small site;1,391
Small site;1,63
Small site;0,238
Small site;0,223
Small site;2,066
Small site;0,294
Small site;1,54
Small site;1,787
Small site;1,893
Small site;2,019
Small site;1,727
Small site;1,696
Small site;1,978
Small site;1,804
Small site;0,651
Small site;0,638
Small site;0,743
Small site;1,816
Small site;1,839
Small site;2,046
Small site;2,638
Small site;2,679
Small site;2,553
Small site;1,245
Small site;1,351
Small site;1,387
Small site;1,599
Small site;1,573
Small site;1,505
Small site;0,774
Small site;0,743
Small site;0,657
Small site;0,882
Small site;1,048
Small site;1,1
Small site;1,343
Small site;0,787
Small site;0,983
Small site;0,694
Small site;0,749
Small site;0,819
Small site;0,68
Small site;1,692
Small site;1,864
Small site;2,097
Small site;2,03
Small site;2,291
Small site;2,193
Small site;1,857
Small site;1,962
Small site;2,185
Small site;2,278
Small site;2,008
Small site;2,181
Small site;2,278
Small site;2,461
Small site;2,608
Small site;2,549
Small site;1,457
Small site;1,197
Small site;1,062
Small site;0,861
Small site;0,991
Small site;1,044
Small site;1,159
Small site;0,89
Small site;0,684
Small site;0,709
Small site;0,539
Small site;0,895
Small site;0,984
Small site;1,175
Small site;1,27
Small site;1,272
Small site;1,232
Small site;0,878
Small site;0,816
Small site;0,738
Small site;0,729
Small site;0,462
Small site;0,725
Small site;0,66
Small site;0,402
Small site;3,907
Small site;3,583
Small site;3,546
Small site;4,029
Small site;4,29
Small site;4,135
Small site;4,881
Small site;2,108
Small site;2,25
Small site;2,612
Small site;2,553
Small site;2,638
Small site;0,082
Small site;0,18
Small site;1,534
Small site;1,358
Small site;1,416
Small site;1,458
Small site;2,386
Small site;2,191
Small site;2,585
Small site;2,342
Small site;2,426
Small site;2,587
Small site;3,665
Small site;3,955
Small site;4,08
Small site;4,276
Small site;4,285
Small site;4,341
Small site;4,397
Small site;4,465
Small site;4,959
Small site;4,64
Small site;4,828
Small site;3,823
Small site;3,649
Small site;4,335
Small site;4,531
Small site;2,078
Small site;2,298
Small site;0,552
Small site;0,27
Small site;1,357
Small site;1,972
Small site;1,916
Small site;1,989
Small site;2,132
Small site;2,039
Small site;2,203
Small site;2,462
Small site;2,554
Small site;2,676
Small site;2,415
Small site;2,388
Small site;1,88
Small site;1,111
Small site;2,492
Small site;1,961
Small site;3,639
Small site;3,983
Small site;3,66
Small site;3,448
Small site;3,627
Small site;4,11
Small site;4,372
Small site;4,217
Small site;4,424
Small site;4,645
Small site;4,961
Small site;2,654
Small site;2,592
Small site;0,768
Small site;2,679
Small site;0,262
Small site;1,593
Small site;1,429
Small site;1,487
Small site;1,527
Small site;2,446
Small site;2,248
Small site;2,642
Small site;2,404
Small site;2,492
Small site;2,65
Small site;3,746
Small site;4,029
Small site;4,162
Small site;4,358
Small site;4,367
Small site;4,423
Small site;4,479
Small site;4,546
Small site;4,721
Small site;4,91
Small site;3,574
Small site;3,489
Small site;3,9
Small site;3,726
Small site;3,538
Small site;4,416
Small site;4,613
Small site;2,134
Small site;2,355
Small site;0,631
Small site;0,632
Small site;0,35
Small site;1,421
Small site;2,054
Small site;1,998
Small site;1,963
Small site;1,967
Small site;1,998
Small site;2,017
Small site;1,985
Small site;2,047
Small site;2,199
Small site;2,098
Small site;2,258
Small site;2,521
Small site;2,608
Small site;2,729
Small site;2,478
Small site;2,453
Small site;1,948
Small site;1,194
Small site;3,589
Small site;2,554
Small site;3,409
Small site;3,742
Small site;3,417
Small site;3,371
Small site;3,851
Small site;4,11
Small site;3,955
Small site;1,964
Small site;1,833
Small site;2,149
Small site;2,523
Small site;2,473
Small site;0,719
Small site;0,554
Small site;2,553
Small site;0,18
Small site;0,262
Small site;1,408
Small site;1,216
Small site;1,197
Small site;1,206
Small site;1,264
Small site;1,31
Small site;2,258
Small site;2,07
Small site;2,462
Small site;2,208
Small site;2,451
Small site;3,49
Small site;3,797
Small site;3,9
Small site;4,096
Small site;4,105
Small site;4,161
Small site;4,217
Small site;4,288
Small site;4,782
Small site;4,462
Small site;4,648
Small site;3,659
Small site;3,484
Small site;3,296
Small site;4,159
Small site;4,352
Small site;4,859
Small site;1,958
Small site;1,923
Small site;2,178
Small site;0,379
Small site;2,488
Small site;0,103
Small site;1,222
Small site;1,367
Small site;1,792
Small site;1,738
Small site;1,708
Small site;1,716
Small site;1,749
Small site;1,744
Small site;1,986
Small site;2,085
Small site;2,337
Small site;2,437
Small site;2,562
Small site;2,28
Small site;2,249
Small site;1,732
Small site;0,932
Small site;3,355
Small site;2,392
Small site;1,372
Small site;0,946
Small site;2,358
Small site;1,203
Small site;1,195
Small site;0,576
Small site;1,245
Small site;1,534
Small site;1,593
Small site;1,408
Small site;0,272
Small site;0,449
Small site;0,987
Small site;0,922
Small site;1,543
Small site;1,502
Small site;1,635
Small site;1,763
Small site;1,594
Small site;1,939
Small site;1,445
Small site;1,135
Small site;1,307
Small site;1,547
Small site;1,385
Small site;0,213
Small site;0,242
Small site;1,383
Small site;1,317
Small site;1,281
Small site;1,351
Small site;1,216
Small site;0,272
Small site;0,069
Small site;0,771
Small site;1,301
Small site;1,244
Small site;1,496
Small site;1,338
Small site;1,694
Small site;0,94
Small site;1,353
Small site;1,348
Small site;1,352
Small site;1,322
Small site;1,387
Small site;1,197
Small site;1,275
Small site;0,76
Small site;1,362
Small site;1,299
Small site;1,545
Small site;1,394
Small site;1,754
Small site;1,243
Small site;1,366
Small site;1,408
Small site;0,177
Small site;1,652
Small site;1,647
Small site;0,176
Small site;1,695
Small site;0,124
Small site;0,096
Small site;0,183
Small site;1,873
Small site;1,286
Small site;0,103
Small site;1,803
Small site;1,555
Small site;1,557
Small site;0,298
Small site;1,599
Small site;1,358
Small site;1,429
Small site;1,206
Small site;0,124
Small site;0,195
Small site;0,305
Small site;0,856
Small site;0,805
Small site;1,736
Small site;1,654
Small site;1,742
Small site;1,872
Small site;1,751
Small site;2,123
Small site;1,811
Small site;0,955
Small site;1,403
Small site;1,746
Small site;1,528
Small site;1,534
Small site;0,356
Small site;1,573
Small site;1,416
Small site;1,487
Small site;1,264
Small site;0,068
Small site;1,054
Small site;1,274
Small site;0,983
Small site;1,211
Small site;4,231
Small site;4,292
Small site;0,254
Small site;0,357
Small site;0,915
Small site;0,863
Small site;1,775
Small site;1,697
Small site;1,791
Small site;1,92
Small site;1,794
Small site;2,163
Small site;1,806
Small site;1,013
Small site;1,161
Small site;1,462
Small site;1,144
Small site;1,283
Small site;1,416
Small site;1,049
Small site;1,004
Small site;1,743
Small site;1,127
Small site;1,04
Small site;1,46
Small site;1,467
Small site;0,404
Small site;1,505
Small site;1,458
Small site;1,527
Small site;1,31
Small site;0,068
Small site;0,992
Small site;1,211
Small site;0,924
Small site;1,154
Small site;0,949
Small site;0,414
Small site;0,946
Small site;0,892
Small site;1,753
Small site;1,683
Small site;1,785
Small site;1,914
Small site;1,779
Small site;2,144
Small site;1,744
Small site;1,054
Small site;1,206
Small site;1,498
Small site;1,271
Small site;0,511
Small site;1,081
Small site;1,217
Small site;1,351
Small site;0,99
Small site;0,949
Small site;1,683
Small site;1,068
Small site;0,738
Small site;0,628
Small site;0,097
Small site;0,193
Small site;0,404
Small site;0,363
Small site;0,304
Small site;0,142
Small site;0,232
Small site;2,849
Small site;3,082
Small site;2,76
Small site;2,548
Small site;2,592
Small site;3,024
Small site;3,184
Small site;3,018
Small site;2,684
Small site;3,048
Small site;3,194
Small site;3,41
Small site;3,725
Small site;4,875
Small site;1,948
Small site;1,948
Small site;1,992
Small site;2,411
Small site;2,35
Small site;1,728
Small site;2,702
Small site;3,21
Small site;3,036
Small site;2,999
Small site;3,147
Small site;3,223
Small site;3,278
Small site;3,343
Small site;4,085
Small site;4,122
Small site;3,457
Small site;4,035
Small site;3,808
Small site;3,626
Small site;3,703
Small site;4,451
Small site;4,715
Small site;4,738
Small site;4,331
Small site;4,651
Small site;4,824
Small site;4,768
Small site;1,534
Small site;4,702
Small site;2,957
Small site;2,786
Small site;2,691
Small site;2,551
Small site;3,004
Small site;2,826
Small site;2,647
Small site;2,503
Small site;3,345
Small site;3,486
Small site;3,883
Small site;4,191
Small site;4,972
Small site;4,783
Small site;0,945
Small site;0,973
Small site;1,031
Small site;1,088
Small site;1,145
Small site;1,316
Small site;1,222
Small site;0,19
Small site;2,473
Small site;2,65
Small site;2,887
Small site;1,887
Small site;2,134
Small site;1,703
Small site;2,76
Small site;4,624
Small site;4,95
Small site;4,282
Small site;3,147
Small site;3,418
Small site;3,827
Small site;1,469
Small site;1,37
Small site;1,072
Small site;3,147
Small site;3,573
Small site;3,742
Small site;3,799
Small site;3,838
Small site;3,845
Small site;4,956
Small site;4,63
Small site;4,024
Small site;4,396
Small site;1,179
Small site;3,063
Small site;3,7
Small site;3,958
Small site;4,719
Small site;1,561
Small site;1,428
Small site;1,321
Small site;1,202
Small site;1,214
Small site;0,846
Small site;0,918
Small site;0,883
Small site;0,086
Small site;0,641
Small site;1,507
Small site;1,658
Small site;1,875
Small site;1,278
Small site;1,102
Small site;0,886
Small site;0,795
Small site;4,332
Small site;0,063
Small site;4,311
Small site;4,247
Small site;4,896
Small site;1,009
Small site;0,733
Small site;0,758
Small site;0,805
Small site;4,358
Small site;0,063
Small site;4,332
Small site;4,274
Small site;4,931
Small site;1,039
Small site;0,786
Small site;0,806
Small site;0,849
Small site;3,867
Small site;4,289
Small site;3,981
Small site;2,165
Small site;2,183
Small site;2,057
Small site;2,118
Small site;4,258
Small site;4,913
Small site;4,97
Small site;2,316
Small site;3,807
Small site;4,205
Small site;4,044
Small site;4,872
Small site;0,977
Small site;0,768
Small site;0,774
Small site;0,81
Small site;0,27
Small site;0,078
Small site;0,079
Small site;0,135
Small site;0,318
Small site;2,158
Small site;2,181
Small site;2,257
Small site;2,396
Small site;2,193
Small site;2,135
Small site;2,168
Small site;0,415
Small site;0,217
Small site;0,281
Small site;0,517
Small site;0,678
Small site;0,896
Small site;0,088
Small site;0,808
Small site;2,015
Small site;2,514
Small site;2,273
Small site;3,124
Small site;2,165
Small site;0,079
Small site;2,718
Small site;2,365
Small site;3,55
Small site;3,603
Small site;3,604
Small site;3,482
Small site;3,65
Small site;4,355
Small site;1,665
Small site;1,968
Small site;1,93
Small site;2,437
Small site;2,321
Small site;2,171
Small site;3,317
Small site;3,682
Small site;1,58
Small site;1,584
Small site;1,452
Small site;1,854
Small site;1,777
Small site;2,226
Small site;2,136
Small site;2,086
Small site;2,04
Small site;1,948
Small site;1,883
Small site;0,573
Small site;1,896
Small site;1,652
Small site;1,976
Small site;2,065
Small site;1,92
Small site;2,03
Small site;2,019
Small site;1,151
Small site;1,537
Small site;2,059
Small site;2,56
Small site;2,326
Small site;2,189
Small site;2,67
Small site;3,184
Small site;4,103
Small site;4,257
Small site;4,549
Small site;2,411
Small site;1,469
Small site;2,183
Small site;0,079
Small site;0,783
Small site;1,325
Small site;2,779
Small site;2,403
Small site;4,201
Small site;3,613
Small site;3,665
Small site;3,665
Small site;3,537
Small site;4,817
Small site;3,705
Small site;4,42
Small site;1,694
Small site;1,466
Small site;2,013
Small site;1,978
Small site;1,847
Small site;2,485
Small site;2,372
Small site;2,225
Small site;2,348
Small site;2,239
Small site;2,418
Small site;3,74
Small site;2,192
Small site;2,183
Small site;2,068
Small site;1,854
Small site;1,735
Small site;2,208
Small site;2,151
Small site;1,915
Small site;2,128
Small site;1,983
Small site;1,896
Small site;1,577
Small site;1,629
Small site;1,63
Small site;1,447
Small site;1,248
Small site;1,497
Small site;1,897
Small site;1,821
Small site;2,253
Small site;2,156
Small site;2,104
Small site;2,06
Small site;1,966
Small site;1,906
Small site;0,177
Small site;0,308
Small site;1,903
Small site;1,648
Small site;2,007
Small site;2,044
Small site;2,113
Small site;2,226
Small site;1,922
Small site;1,697
Small site;1,742
Small site;1,967
Small site;2,054
Small site;2,046
Small site;2,35
Small site;1,37
Small site;2,057
Small site;1,181
Small site;2,103
Small site;2,096
Small site;1,979
Small site;1,769
Small site;1,658
Small site;2,14
Small site;2,164
Small site;1,935
Small site;2,159
Small site;2,099
Small site;1,859
Small site;2,064
Small site;1,929
Small site;1,793
Small site;1,796
Small site;1,476
Small site;1,524
Small site;1,521
Small site;1,343
Small site;1,139
Small site;1,388
Small site;1,786
Small site;1,71
Small site;2,13
Small site;2,031
Small site;1,978
Small site;1,934
Small site;1,84
Small site;1,782
Small site;1,297
Small site;1,776
Small site;1,522
Small site;1,886
Small site;1,983
Small site;2,171
Small site;1,862
Small site;1,603
Small site;1,642
Small site;1,929
Small site;1,922
Small site;1,468
Small site;1,407
Small site;1,728
Small site;1,072
Small site;2,118
Small site;1,784
Small site;0,759
Small site;1,659
Small site;1,63
Small site;1,533
Small site;1,31
Small site;1,152
Small site;1,45
Small site;1,451
Small site;1,218
Small site;1,492
Small site;1,443
Small site;1,225
Small site;1,463
Small site;1,286
Small site;1,131
Small site;1,127
Small site;1,457
Small site;1,187
Small site;1,27
Small site;1,309
Small site;1,096
Small site;0,998
Small site;1,506
Small site;2,068
Small site;2,047
Small site;1,984
Small site;1,915
Small site;0,728
Small site;0,073
Small site;1,955
Small site;1,824
Small site;1,368
Small site;1,525
Small site;1,25
Small site;1,319
Small site;1,234
Small site;1,323
Small site;0,924
Small site;0,85
Small site;1,944
Small site;0,452
Small site;0,718
Small site;0,811
Small site;1,384
Small site;1,559
Small site;1,706
Small site;0,774
Small site;2,386
Small site;2,446
Small site;2,258
Small site;0,992
Small site;0,223
Small site;0,518
Small site;0,73
Small site;0,333
Small site;0,602
Small site;0,688
Small site;0,586
Small site;0,152
Small site;1,258
Small site;1,404
Small site;1,839
Small site;1,774
Small site;1,858
Small site;2,109
Small site;2,139
Small site;2,322
Small site;2,439
Small site;2,214
Small site;2,49
Small site;1,986
Small site;2,156
Small site;2,398
Small site;2,231
Small site;0,966
Small site;0,562
Small site;0,409
Small site;0,355
Small site;0,395
Small site;0,348
Small site;0,249
Small site;0,094
Small site;0,273
Small site;0,399
Small site;0,555
Small site;0,619
Small site;0,685
Small site;1,327
Small site;0,689
Small site;0,748
Small site;1,361
Small site;1,522
Small site;0,743
Small site;2,191
Small site;2,248
Small site;2,07
Small site;0,25
Small site;0,382
Small site;0,622
Small site;0,116
Small site;0,396
Small site;1,641
Small site;1,575
Small site;1,674
Small site;1,895
Small site;1,921
Small site;2,102
Small site;2,22
Small site;1,996
Small site;2,279
Small site;1,795
Small site;1,969
Small site;2,197
Small site;2,047
Small site;0,752
Small site;0,389
Small site;0,302
Small site;0,172
Small site;0,446
Small site;0,533
Small site;0,56
Small site;1,195
Small site;0,604
Small site;1,598
Small site;1,755
Small site;1,912
Small site;0,657
Small site;2,585
Small site;2,642
Small site;2,462
Small site;1,274
Small site;1,211
Small site;0,223
Small site;0,737
Small site;0,953
Small site;0,789
Small site;0,8
Small site;0,733
Small site;0,288
Small site;1,472
Small site;1,621
Small site;2,035
Small site;1,969
Small site;2,135
Small site;2,064
Small site;2,201
Small site;2,251
Small site;2,446
Small site;2,558
Small site;2,319
Small site;2,571
Small site;2,188
Small site;2,361
Small site;2,59
Small site;2,437
Small site;1,14
Small site;0,771
Small site;0,595
Small site;0,131
Small site;0,2
Small site;0,778
Small site;0,842
Small site;0,907
Small site;1,289
Small site;1,098
Small site;0,543
Small site;0,534
Small site;0,826
Small site;0,914
Small site;1,322
Small site;1,519
Small site;1,655
Small site;0,882
Small site;2,342
Small site;2,404
Small site;2,208
Small site;0,924
Small site;0,25
Small site;0,455
Small site;0,648
Small site;0,343
Small site;0,584
Small site;0,724
Small site;0,602
Small site;0,227
Small site;1,199
Small site;1,337
Small site;1,799
Small site;1,735
Small site;1,805
Small site;2,14
Small site;2,16
Small site;2,335
Small site;2,455
Small site;2,238
Small site;2,526
Small site;1,94
Small site;2,106
Small site;2,36
Small site;2,178
Small site;0,952
Small site;0,519
Small site;0,4
Small site;0,292
Small site;0,322
Small site;0,319
Small site;0,323
Small site;0,299
Small site;0,383
Small site;0,506
Small site;0,118
Small site;0,479
Small site;0,532
Small site;0,611
Small site;1,415
Small site;0,15
Small site;2,955
Small site;2,729
Small site;2,562
Small site;2,835
Small site;3,659
Small site;0,992
Small site;1,09
Small site;1,381
Small site;1,048
Small site;2,426
Small site;2,492
Small site;2,284
Small site;0,207
Small site;3,044
Small site;3,646
Small site;2,683
Small site;2,572
Small site;2,946
Small site;2,965
Small site;2,988
Small site;3,081
Small site;2,935
Small site;2,992
Small site;3,323
Small site;3,033
Small site;2,986
Small site;3,098
Small site;3,177
Small site;3,342
Small site;3,526
Small site;3,559
Small site;3,335
Small site;3,553
Small site;3,67
Small site;3,953
Small site;3,678
Small site;3,967
Small site;4,52
Small site;3,277
Small site;3,238
Small site;3,303
Small site;3,27
Small site;3,234
Small site;3,032
Small site;3,074
Small site;3,779
Small site;3,553
Small site;3,432
Small site;1,387
Small site;1,878
Small site;2,021
Small site;2,181
Small site;2,454
Small site;2,247
Small site;0,623
Small site;3,419
Small site;3,627
Small site;3,706
Small site;3,263
Small site;3,813
Small site;3,17
Small site;0,182
Small site;0,639
Small site;1,049
Small site;1,085
Small site;1,1
Small site;0,518
Small site;0,382
Small site;0,737
Small site;0,455
Small site;0,482
Small site;0,114
Small site;0,138
Small site;0,428
Small site;0,748
Small site;0,882
Small site;1,431
Small site;0,604
Small site;0,881
Small site;1,293
Small site;1,325
Small site;1,343
Small site;1,829
Small site;0,73
Small site;0,622
Small site;0,953
Small site;0,648
Small site;0,865
Small site;0,718
Small site;1,688
Small site;1,799
Small site;0,377
Small site;0,671
Small site;0,822
Small site;0,979
Small site;1,113
Small site;0,708
Small site;0,657
Small site;0,122
Small site;1,642
Small site;0,786
Small site;0,067
Small site;0,172
Small site;0,119
Small site;3,551
Small site;3,555
Small site;3,295
Small site;1,557
Small site;1,767
Small site;1,897
Small site;0,929
Small site;2,587
Small site;2,65
Small site;2,451
Small site;1,211
Small site;1,154
Small site;0,207
Small site;0,865
Small site;3,81
Small site;3,429
Small site;3,5
Small site;3,501
Small site;3,347
Small site;3,219
Small site;3,385
Small site;3,326
Small site;1,436
Small site;1,567
Small site;2,047
Small site;1,983
Small site;2,046
Small site;2,394
Small site;2,575
Small site;2,693
Small site;2,469
Small site;2,746
Small site;2,184
Small site;2,348
Small site;2,607
Small site;2,418
Small site;0,208
Small site;0,709
Small site;0,744
Small site;0,84
Small site;3,416
Small site;2,74
Small site;3,425
Small site;3,414
Small site;3,159
Small site;2,995
Small site;2,725
Small site;2,915
Small site;2,627
Small site;2,426
Small site;1,956
Small site;2,201
Small site;2,297
Small site;2,395
Small site;2,658
Small site;3,435
Small site;0,241
Small site;0,22
Small site;0,454
Small site;0,521
Small site;2,785
Small site;1,858
Small site;3,675
Small site;2,094
Small site;2,341
Small site;2,606
Small site;2,452
Small site;2,87
Small site;2,742
Small site;2,91
Small site;3,005
Small site;2,72
Small site;2,779
Small site;3,264
Small site;2,836
Small site;2,818
Small site;2,964
Small site;3,057
Small site;3,129
Small site;3,304
Small site;3,339
Small site;3,137
Small site;3,341
Small site;3,452
Small site;3,728
Small site;3,467
Small site;3,746
Small site;4,296
Small site;3,375
Small site;3,361
Small site;3,21
Small site;3,087
Small site;3,223
Small site;3,157
Small site;2,858
Small site;1,905
Small site;2,862
Small site;3,557
Small site;3,328
Small site;3,204
Small site;0,289
Small site;3,288
Small site;1,991
Small site;3,196
Small site;3,399
Small site;3,479
Small site;3,063
Small site;3,587
Small site;2,948
Small site;2,248
Small site;2,375
Small site;2,654
Small site;3,54
Small site;0,241
Small site;0,717
Small site;0,93
Small site;0,755
Small site;1,961
Small site;2,045
Small site;3,064
Small site;2,248
Small site;2,352
Small site;2,879
Small site;2,42
Small site;3,177
Small site;1,694
Small site;1,857
Small site;2,26
Small site;2,447
Small site;3,225
Small site;2,845
Small site;2,797
Small site;2,85
Small site;2,867
Small site;2,799
Small site;2,896
Small site;2,971
Small site;3,196
Small site;3,4
Small site;3,43
Small site;3,17
Small site;3,406
Small site;3,536
Small site;3,834
Small site;3,53
Small site;3,841
Small site;4,402
Small site;0,833
Small site;0,942
Small site;1,737
Small site;2,225
Small site;2,198
Small site;1,992
Small site;2,412
Small site;2,406
Small site;2,983
Small site;3,114
Small site;3,278
Small site;3,588
Small site;3,277
Small site;3,345
Small site;2,847
Small site;1,931
Small site;2,929
Small site;3,655
Small site;3,437
Small site;3,332
Small site;0,387
Small site;0,223
Small site;3,274
Small site;2,059
Small site;3,296
Small site;3,519
Small site;3,595
Small site;3,101
Small site;3,7
Small site;2,122
Small site;3,044
Small site;2,491
Small site;2,291
Small site;2,101
Small site;2,208
Small site;2,331
Small site;2,609
Small site;3,489
Small site;0,22
Small site;0,891
Small site;0,347
Small site;1,925
Small site;2,006
Small site;3,024
Small site;2,203
Small site;2,308
Small site;2,835
Small site;2,373
Small site;3,132
Small site;1,648
Small site;1,811
Small site;2,009
Small site;2,396
Small site;2,45
Small site;2,333
Small site;2,714
Small site;2,794
Small site;2,755
Small site;2,848
Small site;2,746
Small site;2,799
Small site;3,095
Small site;2,819
Small site;2,755
Small site;2,859
Small site;3,146
Small site;3,348
Small site;3,379
Small site;3,121
Small site;3,356
Small site;3,485
Small site;3,783
Small site;3,48
Small site;3,79
Small site;4,351
Small site;0,806
Small site;0,915
Small site;1,693
Small site;2,177
Small site;2,151
Small site;1,954
Small site;2,366
Small site;2,935
Small site;3,068
Small site;3,235
Small site;3,542
Small site;3,24
Small site;3,308
Small site;3,047
Small site;3,001
Small site;2,803
Small site;1,883
Small site;2,879
Small site;3,603
Small site;3,386
Small site;0,176
Small site;3,23
Small site;3,245
Small site;3,467
Small site;3,544
Small site;3,052
Small site;3,648
Small site;2,993
Small site;3,719
Small site;3,017
Small site;3,154
Small site;2,771
Small site;2,571
Small site;2,092
Small site;2,28
Small site;2,353
Small site;2,401
Small site;2,63
Small site;3,212
Small site;0,123
Small site;3,066
Small site;2,146
Small site;2,794
Small site;2,566
Small site;3,057
Small site;3,091
Small site;3,19
Small site;2,553
Small site;2,622
Small site;3,473
Small site;2,747
Small site;2,814
Small site;3,04
Small site;3,163
Small site;2,975
Small site;3,1
Small site;3,14
Small site;3,041
Small site;3,188
Small site;3,265
Small site;3,501
Small site;3,315
Small site;3,537
Small site;4,065
Small site;0,196
Small site;3,672
Small site;3,528
Small site;3,449
Small site;3,338
Small site;2,84
Small site;2,711
Small site;3,346
Small site;3,098
Small site;0,259
Small site;0,183
Small site;2,984
Small site;3,239
Small site;2,957
Small site;3,351
Small site;3,775
Small site;3,712
Small site;3,482
Small site;3,007
Small site;3,123
Small site;2,712
Small site;2,513
Small site;2,034
Small site;2,206
Small site;2,273
Small site;2,31
Small site;2,532
Small site;0,717
Small site;0,123
Small site;0,845
Small site;0,853
Small site;1,861
Small site;3,051
Small site;2,066
Small site;2,748
Small site;2,499
Small site;3,009
Small site;3,041
Small site;3,141
Small site;3,432
Small site;2,638
Small site;2,72
Small site;2,962
Small site;3,092
Small site;2,857
Small site;2,931
Small site;3,071
Small site;3,145
Small site;3,198
Small site;3,943
Small site;0,209
Small site;3,668
Small site;3,528
Small site;3,413
Small site;3,288
Small site;2,743
Small site;0,337
Small site;0,238
Small site;2,846
Small site;0,326
Small site;0,378
Small site;0,367
Small site;0,441
Small site;0,927
Small site;1,344
Small site;1,826
Small site;1,567
Small site;1,417
Small site;1,888
Small site;3,494
Small site;3,788
Small site;0,783
Small site;0,556
Small site;1,997
Small site;2,83
Small site;2,883
Small site;2,884
Small site;4,807
Small site;2,766
Small site;4,513
Small site;2,936
Small site;4,746
Small site;1,099
Small site;0,851
Small site;1,291
Small site;1,241
Small site;1,097
Small site;1,746
Small site;1,618
Small site;1,46
Small site;1,568
Small site;1,456
Small site;1,636
Small site;2,962
Small site;4,84
Small site;1,373
Small site;0,454
Small site;0,845
Small site;1,035
Small site;0,838
Small site;1,019
Small site;2,065
Small site;2,132
Small site;3,275
Small site;3,139
Small site;2,276
Small site;2,386
Small site;2,913
Small site;2,429
Small site;3,193
Small site;4,284
Small site;1,003
Small site;1,105
Small site;1,784
Small site;2,205
Small site;2,081
Small site;2,428
Small site;2,429
Small site;3,124
Small site;3,326
Small site;3,603
Small site;3,373
Small site;3,443
Small site;0,564
Small site;0,078
Small site;3,308
Small site;2,359
Small site;2,158
Small site;1,931
Small site;2,028
Small site;2,133
Small site;2,401
Small site;3,249
Small site;0,291
Small site;0,24
Small site;0,309
Small site;1,834
Small site;2,844
Small site;2,919
Small site;1,437
Small site;1,601
Small site;1,826
Small site;2,345
Small site;2,183
Small site;2,61
Small site;2,555
Small site;2,648
Small site;2,744
Small site;2,509
Small site;2,564
Small site;3,009
Small site;2,596
Small site;2,556
Small site;2,694
Small site;2,912
Small site;3,11
Small site;3,141
Small site;2,898
Small site;3,122
Small site;3,247
Small site;3,544
Small site;3,247
Small site;3,551
Small site;4,111
Small site;1,782
Small site;3,039
Small site;3,33
Small site;3,074
Small site;3,144
Small site;2,973
Small site;2,599
Small site;1,661
Small site;2,644
Small site;3,364
Small site;3,146
Small site;3,026
Small site;3,006
Small site;3,228
Small site;3,304
Small site;2,826
Small site;3,409
Small site;2,754
Small site;3,92
Small site;3,833
Small site;3,614
Small site;3,474
Small site;3,124
Small site;3,207
Small site;2,746
Small site;2,55
Small site;2,211
Small site;2,263
Small site;2,272
Small site;2,473
Small site;2,925
Small site;0,93
Small site;0,891
Small site;1,035
Small site;0,203
Small site;1,027
Small site;1,036
Small site;1,116
Small site;0,796
Small site;2,135
Small site;1,358
Small site;1,453
Small site;1,974
Small site;1,552
Small site;1,255
Small site;2,289
Small site;3,161
Small site;1,734
Small site;2,059
Small site;1,858
Small site;2,806
Small site;2,519
Small site;3,064
Small site;2,251
Small site;3,093
Small site;3,194
Small site;2,302
Small site;2,376
Small site;3,496
Small site;2,543
Small site;2,671
Small site;2,955
Small site;3,1
Small site;2,727
Small site;2,823
Small site;2,866
Small site;2,83
Small site;2,939
Small site;2,997
Small site;3,211
Small site;3,066
Small site;3,256
Small site;3,33
Small site;3,771
Small site;0,836
Small site;1,385
Small site;1,339
Small site;1,063
Small site;1,535
Small site;2,13
Small site;2,233
Small site;2,358
Small site;2,697
Small site;2,35
Small site;2,418
Small site;3,876
Small site;3,791
Small site;3,792
Small site;3,658
Small site;3,559
Small site;3,297
Small site;3,126
Small site;3,487
Small site;2,685
Small site;1,569
Small site;2,467
Small site;3,064
Small site;2,808
Small site;2,641
Small site;0,556
Small site;0,921
Small site;1,013
Small site;0,71
Small site;0,923
Small site;2,366
Small site;3,775
Small site;1,637
Small site;2,703
Small site;2,857
Small site;2,942
Small site;2,741
Small site;3,056
Small site;1,272
Small site;2,472
Small site;3,718
Small site;3,637
Small site;3,415
Small site;3,273
Small site;2,929
Small site;3,025
Small site;2,591
Small site;2,392
Small site;1,914
Small site;2,074
Small site;2,137
Small site;2,168
Small site;2,388
Small site;2,958
Small site;0,755
Small site;0,838
Small site;0,203
Small site;0,181
Small site;0,825
Small site;1,228
Small site;1,299
Small site;0,903
Small site;2,313
Small site;1,498
Small site;1,6
Small site;2,126
Small site;1,679
Small site;1,748
Small site;2,43
Small site;2,968
Small site;1,931
Small site;2,637
Small site;2,372
Small site;2,896
Small site;2,927
Small site;3,027
Small site;3,324
Small site;2,577
Small site;2,828
Small site;2,962
Small site;2,715
Small site;2,843
Small site;2,882
Small site;2,785
Small site;2,928
Small site;3,006
Small site;3,247
Small site;3,055
Small site;3,281
Small site;3,812
Small site;1,496
Small site;1,46
Small site;1,247
Small site;1,668
Small site;2,369
Small site;2,522
Small site;2,84
Small site;2,538
Small site;2,607
Small site;3,675
Small site;3,595
Small site;3,459
Small site;3,358
Small site;3,097
Small site;2,927
Small site;3,31
Small site;2,598
Small site;3,09
Small site;2,844
Small site;0,409
Small site;0,734
Small site;0,821
Small site;0,827
Small site;1,019
Small site;2,52
Small site;3,574
Small site;2,727
Small site;2,904
Small site;2,987
Small site;2,7
Small site;3,098
Small site;0,321
Small site;1,388
Small site;3,886
Small site;3,794
Small site;3,578
Small site;3,163
Small site;2,695
Small site;2,5
Small site;2,158
Small site;2,21
Small site;2,218
Small site;2,419
Small site;2,883
Small site;0,928
Small site;1,019
Small site;0,181
Small site;1,005
Small site;2,137
Small site;1,44
Small site;1,532
Small site;1,213
Small site;2,274
Small site;3,12
Small site;1,686
Small site;2,006
Small site;1,812
Small site;2,758
Small site;2,467
Small site;3,015
Small site;2,207
Small site;3,044
Small site;3,145
Small site;2,253
Small site;2,327
Small site;3,449
Small site;2,491
Small site;2,617
Small site;2,902
Small site;3,047
Small site;2,678
Small site;2,778
Small site;2,821
Small site;2,778
Small site;2,89
Small site;2,951
Small site;3,169
Small site;3,018
Small site;3,212
Small site;3,73
Small site;1,359
Small site;1,316
Small site;1,516
Small site;2,216
Small site;2,353
Small site;2,683
Small site;3,843
Small site;3,754
Small site;3,621
Small site;3,441
Small site;2,631
Small site;1,518
Small site;2,417
Small site;3,021
Small site;2,766
Small site;2,603
Small site;0,912
Small site;1,002
Small site;2,356
Small site;3,741
Small site;1,585
Small site;2,659
Small site;2,817
Small site;2,902
Small site;2,689
Small site;3,016
Small site;1,248
Small site;2,427
Small site;2,933
Small site;2,901
Small site;2,654
Small site;2,396
Small site;2,146
Small site;1,947
Small site;1,775
Small site;1,889
Small site;2,031
Small site;2,321
Small site;3,319
Small site;0,521
Small site;0,853
Small site;0,309
Small site;1,027
Small site;0,825
Small site;1,005
Small site;2,046
Small site;2,105
Small site;3,241
Small site;3,103
Small site;2,222
Small site;2,334
Small site;2,859
Small site;2,367
Small site;1,803
Small site;3,131
Small site;2,266
Small site;2,033
Small site;1,694
Small site;2,239
Small site;2,103
Small site;3,096
Small site;1,995
Small site;2,367
Small site;2,628
Small site;2,408
Small site;2,502
Small site;2,544
Small site;2,589
Small site;2,751
Small site;2,563
Small site;2,454
Small site;2,527
Small site;2,928
Small site;3,165
Small site;3,191
Small site;2,865
Small site;3,134
Small site;3,286
Small site;3,613
Small site;3,256
Small site;3,605
Small site;4,179
Small site;1,028
Small site;1,124
Small site;1,748
Small site;1,741
Small site;1,827
Small site;1,942
Small site;2,155
Small site;2,143
Small site;2,055
Small site;2,369
Small site;2,373
Small site;2,906
Small site;3,062
Small site;3,278
Small site;3,541
Small site;3,346
Small site;3,417
Small site;3,284
Small site;2,886
Small site;2,851
Small site;2,703
Small site;2,706
Small site;2,654
Small site;2,508
Small site;1,766
Small site;2,663
Small site;2,588
Small site;3,422
Small site;3,224
Small site;2,672
Small site;2,732
Small site;1,326
Small site;3,765
Small site;4
Small site;0,607
Small site;0,261
Small site;0,38
Small site;0,195
Small site;2,23
Small site;3,253
Small site;1,805
Small site;3,07
Small site;3,318
Small site;3,39
Small site;2,802
Small site;3,489
Small site;2,063
Small site;2,815
Small site;0,796
Small site;4,856
Small site;4,712
Small site;4,525
Small site;4,405
Small site;4,002
Small site;3,995
Small site;3,392
Small site;3,215
Small site;2,777
Small site;2,79
Small site;2,788
Small site;2,688
Small site;2,78
Small site;1,961
Small site;1,925
Small site;2,065
Small site;1,036
Small site;1,228
Small site;2,046
Small site;0,818
Small site;1,253
Small site;2,385
Small site;2,679
Small site;2,102
Small site;4,02
Small site;2,201
Small site;2,608
Small site;3,528
Small site;3,127
Small site;3,765
Small site;3,782
Small site;3,883
Small site;4,216
Small site;3,009
Small site;3,444
Small site;3,638
Small site;1,055
Small site;1,015
Small site;0,588
Small site;0,304
Small site;4,818
Small site;4,737
Small site;4,686
Small site;4,681
Small site;4,562
Small site;4,483
Small site;4,215
Small site;4,088
Small site;4,239
Small site;2,986
Small site;3,363
Small site;1,579
Small site;1,956
Small site;2,048
Small site;4,707
Small site;1,546
Small site;2,521
Small site;2,275
Small site;2,29
Small site;2,021
Small site;1,849
Small site;1,629
Small site;1,917
Small site;1,05
Small site;1,891
Small site;1,712
Small site;1,35
Small site;1,713
Small site;1,859
Small site;2,082
Small site;2,4
Small site;1,367
Small site;1,707
Small site;1,753
Small site;1,824
Small site;2,001
Small site;2,052
Small site;2,132
Small site;2,319
Small site;2,732
Small site;2,474
Small site;2,382
Small site;3,182
Small site;3,021
Small site;3,373
Small site;3,573
Small site;3,485
Small site;3,913
Small site;4,505
Small site;0,893
Small site;2,607
Small site;2,494
Small site;2,225
Small site;2,134
Small site;2,051
Small site;2,233
Small site;2,075
Small site;1,943
Small site;1,705
Small site;1,521
Small site;1,547
Small site;2,241
Small site;1,204
Small site;2,552
Small site;2,271
Small site;2,349
Small site;2,139
Small site;2,98
Small site;3,234
Small site;2,698
Small site;2,509
Small site;2,126
Small site;2,156
Small site;2,124
Small site;2,29
Small site;2,611
Small site;0,818
Small site;0,436
Small site;0,459
Small site;0,671
Small site;0,944
Small site;1,966
Small site;1,582
Small site;1,46
Small site;1,959
Small site;1,561
Small site;2,796
Small site;2,451
Small site;3,045
Small site;1,947
Small site;3,068
Small site;3,17
Small site;2,023
Small site;2,103
Small site;3,489
Small site;2,312
Small site;2,502
Small site;2,843
Small site;2,449
Small site;2,517
Small site;2,563
Small site;2,589
Small site;2,66
Small site;2,699
Small site;2,893
Small site;2,786
Small site;2,946
Small site;3,45
Small site;0,513
Small site;0,154
Small site;0,795
Small site;1,005
Small site;1,206
Small site;2,375
Small site;2,175
Small site;3,496
Small site;2,504
Small site;1,508
Small site;1,331
Small site;2,195
Small site;2,754
Small site;2,492
Small site;0,374
Small site;0,588
Small site;2,055
Small site;1,402
Small site;2,395
Small site;2,534
Small site;2,621
Small site;2,495
Small site;2,736
Small site;0,937
Small site;2,171
Small site;4,872
Small site;4,713
Small site;4,535
Small site;4,421
Small site;4,005
Small site;3,977
Small site;3,351
Small site;3,179
Small site;2,751
Small site;2,744
Small site;2,733
Small site;2,619
Small site;2,696
Small site;2,46
Small site;2,045
Small site;2,006
Small site;2,132
Small site;1,834
Small site;1,116
Small site;1,299
Small site;2,105
Small site;1,287
Small site;0,518
Small site;0,532
Small site;0,95
Small site;2,665
Small site;1,3
Small site;4,019
Small site;2,56
Small site;1,636
Small site;3,499
Small site;3,082
Small site;3,731
Small site;1,925
Small site;3,746
Small site;3,847
Small site;2,131
Small site;2,224
Small site;4,184
Small site;2,576
Small site;2,927
Small site;3,379
Small site;3,579
Small site;2,523
Small site;2,435
Small site;2,494
Small site;2,799
Small site;2,711
Small site;2,65
Small site;2,702
Small site;2,827
Small site;2,808
Small site;3,051
Small site;3,208
Small site;1,163
Small site;1,105
Small site;0,652
Small site;0,054
Small site;1,313
Small site;4,836
Small site;4,756
Small site;4,71
Small site;4,684
Small site;4,57
Small site;4,497
Small site;4,227
Small site;4,108
Small site;4,213
Small site;3,779
Small site;2,899
Small site;2,315
Small site;2,626
Small site;2,332
Small site;2,072
Small site;1,668
Small site;2,032
Small site;2,12
Small site;1,316
Small site;4,723
Small site;2,303
Small site;2,316
Small site;2,41
Small site;2,693
Small site;2,528
Small site;1,62
Small site;0,66
Small site;2,143
Small site;2,226
Small site;2,216
Small site;1,956
Small site;1,792
Small site;1,542
Small site;1,808
Small site;1,764
Small site;1,585
Small site;1,225
Small site;1,589
Small site;1,737
Small site;1,963
Small site;2,283
Small site;3,572
Small site;1,004
Small site;1,614
Small site;1,605
Small site;1,586
Small site;1,63
Small site;1,697
Small site;1,88
Small site;2,911
Small site;1,93
Small site;2,011
Small site;2,773
Small site;2,205
Small site;2,621
Small site;2,353
Small site;2,255
Small site;3,079
Small site;3,393
Small site;3,406
Small site;2,908
Small site;3,268
Small site;3,472
Small site;3,859
Small site;3,379
Small site;3,815
Small site;4,407
Small site;2,178
Small site;2,089
Small site;2,161
Small site;2,008
Small site;1,884
Small site;1,638
Small site;1,463
Small site;1,476
Small site;2,132
Small site;2,431
Small site;2,83
Small site;3,647
Small site;3,495
Small site;2,087
Small site;3,319
Small site;3,613
Small site;3,672
Small site;3,758
Small site;3,608
Small site;3,486
Small site;3,285
Small site;2,775
Small site;2,822
Small site;2,331
Small site;2,136
Small site;1,79
Small site;1,842
Small site;1,858
Small site;2,07
Small site;2,671
Small site;0,421
Small site;1,253
Small site;0,436
Small site;1,287
Small site;0,749
Small site;2,262
Small site;1,372
Small site;1,484
Small site;2,009
Small site;1,523
Small site;2,287
Small site;2,803
Small site;1,638
Small site;2,403
Small site;2,1
Small site;2,658
Small site;2,685
Small site;2,786
Small site;1,984
Small site;2,05
Small site;3,095
Small site;2,171
Small site;2,262
Small site;2,534
Small site;2,403
Small site;2,548
Small site;2,585
Small site;2,464
Small site;2,616
Small site;2,705
Small site;2,963
Small site;2,743
Small site;2,988
Small site;3,53
Small site;0,568
Small site;0,899
Small site;0,897
Small site;1,222
Small site;1,317
Small site;1,299
Small site;1,522
Small site;1,524
Small site;2,219
Small site;2,428
Small site;2,697
Small site;2,52
Small site;2,593
Small site;3,568
Small site;3,45
Small site;3,324
Small site;3,093
Small site;2,281
Small site;2,138
Small site;2,798
Small site;2,562
Small site;0,697
Small site;0,836
Small site;2,404
Small site;2,436
Small site;2,63
Small site;2,711
Small site;2,38
Small site;2,819
Small site;1,22
Small site;0,572
Small site;0,814
Small site;1,277
Small site;1,012
Small site;0,864
Small site;1,357
Small site;1,32
Small site;1,325
Small site;4,925
Small site;0,898
Small site;4,897
Small site;1,461
Small site;2,298
Small site;2,349
Small site;2,345
Small site;4,593
Small site;4,995
Small site;4,735
Small site;4,816
Small site;4,668
Small site;4,915
Small site;4,938
Small site;0,723
Small site;0,514
Small site;0,756
Small site;0,696
Small site;0,545
Small site;0,904
Small site;1,028
Small site;0,944
Small site;1,114
Small site;2,416
Small site;4,982
Small site;0,825
Small site;4,957
Small site;2,527
Small site;2,344
Small site;1,937
Small site;1,953
Small site;1,897
Small site;2,046
Small site;2,35
Small site;0,435
Small site;0,681
Small site;1,191
Small site;1,763
Small site;2,649
Small site;2,27
Small site;2,89
Small site;1,681
Small site;2,909
Small site;3,011
Small site;1,753
Small site;1,833
Small site;3,34
Small site;2,05
Small site;2,262
Small site;2,631
Small site;2,179
Small site;2,252
Small site;2,297
Small site;2,323
Small site;2,39
Small site;2,431
Small site;2,635
Small site;2,516
Small site;2,683
Small site;3,195
Small site;0,162
Small site;0,264
Small site;0,249
Small site;3,358
Small site;2,259
Small site;1,274
Small site;1,069
Small site;1,925
Small site;2,491
Small site;2,233
Small site;0,241
Small site;1,142
Small site;2,131
Small site;2,281
Small site;2,366
Small site;2,228
Small site;2,48
Small site;1,904
Small site;2,071
Small site;1,83
Small site;1,681
Small site;1,379
Small site;1,608
Small site;1,54
Small site;1,362
Small site;1,015
Small site;1,385
Small site;1,535
Small site;1,774
Small site;1,174
Small site;2,095
Small site;3,438
Small site;0,925
Small site;0,799
Small site;1,34
Small site;1,441
Small site;1,452
Small site;1,395
Small site;2,452
Small site;1,478
Small site;2,791
Small site;1,71
Small site;1,793
Small site;2,628
Small site;1,995
Small site;2,449
Small site;2,153
Small site;2,035
Small site;2,923
Small site;3,254
Small site;3,263
Small site;2,731
Small site;3,106
Small site;3,322
Small site;3,721
Small site;3,214
Small site;3,669
Small site;4,263
Small site;2,511
Small site;2,082
Small site;1,996
Small site;1,936
Small site;2,022
Small site;1,877
Small site;1,768
Small site;1,511
Small site;1,343
Small site;1,928
Small site;1,636
Small site;2,68
Small site;3,505
Small site;3,366
Small site;1,981
Small site;1,936
Small site;3,185
Small site;3,491
Small site;3,546
Small site;3,627
Small site;2,454
Small site;1,861
Small site;1,875
Small site;1,816
Small site;1,964
Small site;2,291
Small site;0,354
Small site;0,622
Small site;1,116
Small site;2,58
Small site;2,195
Small site;2,82
Small site;1,617
Small site;2,838
Small site;2,94
Small site;1,681
Small site;1,759
Small site;3,27
Small site;1,97
Small site;2,181
Small site;2,552
Small site;2,106
Small site;2,189
Small site;2,233
Small site;2,245
Small site;2,318
Small site;2,365
Small site;2,578
Small site;2,445
Small site;2,622
Small site;3,14
Small site;0,233
Small site;3,29
Small site;2,177
Small site;0,989
Small site;1,851
Small site;2,43
Small site;2,175
Small site;0,37
Small site;1,061
Small site;2,069
Small site;2,227
Small site;2,312
Small site;2,15
Small site;2,425
Small site;1,839
Small site;4,66
Small site;4,2
Small site;4,052
Small site;3,679
Small site;3,585
Small site;3,535
Small site;3,349
Small site;3,326
Small site;2,466
Small site;3,167
Small site;3,193
Small site;3,155
Small site;3,275
Small site;2,978
Small site;2,264
Small site;2,445
Small site;3,241
Small site;2,405
Small site;3,638
Small site;5,009
Small site;3,397
Small site;4,399
Small site;3,919
Small site;4,605
Small site;4,609
Small site;4,706
Small site;2,523
Small site;2,614
Small site;3,068
Small site;3,557
Small site;4,097
Small site;4,326
Small site;2,806
Small site;2,538
Small site;2,603
Small site;3,203
Small site;2,938
Small site;2,761
Small site;2,611
Small site;3,026
Small site;2,774
Small site;3,178
Small site;2,977
Small site;4,76
Small site;2,408
Small site;2,298
Small site;2,252
Small site;4,838
Small site;3,499
Small site;2,688
Small site;3,068
Small site;2,635
Small site;2,351
Small site;4,567
Small site;2,816
Small site;3,179
Small site;2,716
Small site;3,265
Small site;2,419
Small site;2,258
Small site;2,341
Small site;3,098
Small site;2,443
Small site;2,767
Small site;2,374
Small site;4,058
Small site;3,89
Small site;3,785
Small site;2,683
Small site;2,509
Small site;2,082
Small site;2,078
Small site;2,074
Small site;1,979
Small site;2,088
Small site;2,185
Small site;0,796
Small site;0,903
Small site;0,459
Small site;0,749
Small site;0,575
Small site;0,558
Small site;1,083
Small site;3,362
Small site;1,488
Small site;1,896
Small site;2,829
Small site;2,416
Small site;3,062
Small site;1,545
Small site;3,077
Small site;3,178
Small site;1,667
Small site;1,753
Small site;3,514
Small site;2,031
Small site;2,314
Small site;2,733
Small site;2,087
Small site;2,107
Small site;2,157
Small site;2,285
Small site;2,292
Small site;2,3
Small site;2,462
Small site;2,417
Small site;2,526
Small site;3,013
Small site;1,149
Small site;1,051
Small site;0,835
Small site;0,168
Small site;4,202
Small site;4,126
Small site;4,032
Small site;3,923
Small site;3,857
Small site;3,587
Small site;3,543
Small site;2,297
Small site;1,356
Small site;1,077
Small site;1,847
Small site;2,335
Small site;2,063
Small site;1,311
Small site;0,136
Small site;4,086
Small site;1,151
Small site;1,981
Small site;2,095
Small site;2,184
Small site;2,185
Small site;2,3
Small site;1,771
Small site;4,857
Small site;4,509
Small site;4,044
Small site;3,896
Small site;3,524
Small site;3,43
Small site;3,38
Small site;3,195
Small site;2,926
Small site;3,176
Small site;2,355
Small site;3,044
Small site;3,064
Small site;3,024
Small site;3,139
Small site;2,844
Small site;2,135
Small site;2,313
Small site;3,103
Small site;2,262
Small site;4,934
Small site;2,068
Small site;3,173
Small site;3,483
Small site;2,79
Small site;2,396
Small site;4,854
Small site;2,835
Small site;2,109
Small site;3,241
Small site;1,97
Small site;4,243
Small site;3,763
Small site;4,449
Small site;2,078
Small site;4,454
Small site;4,551
Small site;2,382
Small site;2,473
Small site;4,9
Small site;2,924
Small site;3,407
Small site;3,945
Small site;4,173
Small site;2,673
Small site;2,418
Small site;2,483
Small site;3,064
Small site;2,81
Small site;2,642
Small site;2,511
Small site;2,901
Small site;2,669
Small site;3,06
Small site;2,897
Small site;4,614
Small site;2,744
Small site;2,454
Small site;2,289
Small site;2,18
Small site;2,126
Small site;1,366
Small site;1,301
Small site;1,17
Small site;1,118
Small site;4,953
Small site;4,687
Small site;3,35
Small site;2,645
Small site;2,258
Small site;2,548
Small site;2,954
Small site;1,63
Small site;2,525
Small site;2,237
Small site;1,574
Small site;1,922
Small site;4,428
Small site;2,689
Small site;3,047
Small site;2,588
Small site;3,131
Small site;2,315
Small site;2,297
Small site;2,15
Small site;2,236
Small site;2,959
Small site;2,341
Small site;2,634
Small site;2,242
Small site;4,589
Small site;4,442
Small site;4,349
Small site;3,107
Small site;2,952
Small site;2,566
Small site;2,492
Small site;2,454
Small site;2,296
Small site;2,324
Small site;1,943
Small site;2,248
Small site;2,203
Small site;1,358
Small site;1,498
Small site;2,222
Small site;0,518
Small site;1,372
Small site;1,108
Small site;2,52
Small site;1,837
Small site;3,892
Small site;1,892
Small site;2,303
Small site;3,293
Small site;2,829
Small site;3,506
Small site;3,514
Small site;3,612
Small site;1,664
Small site;1,758
Small site;3,959
Small site;2,147
Small site;2,558
Small site;3,057
Small site;3,274
Small site;2,038
Small site;1,924
Small site;1,983
Small site;2,346
Small site;2,218
Small site;2,141
Small site;2,184
Small site;2,331
Small site;2,29
Small site;2,547
Small site;2,693
Small site;1,579
Small site;1,485
Small site;1,376
Small site;0,523
Small site;0,404
Small site;0,339
Small site;0,18
Small site;4,769
Small site;4,696
Small site;4,666
Small site;4,569
Small site;4,471
Small site;4,417
Small site;4,146
Small site;4,051
Small site;4,006
Small site;3,73
Small site;2,516
Small site;1,714
Small site;1,847
Small site;2,11
Small site;1,903
Small site;2,209
Small site;2,281
Small site;4,648
Small site;1,792
Small site;2,24
Small site;2,01
Small site;0,24
Small site;1,643
Small site;4,705
Small site;4,559
Small site;4,467
Small site;3,215
Small site;3,061
Small site;2,68
Small site;2,599
Small site;2,559
Small site;2,395
Small site;2,081
Small site;2,413
Small site;1,954
Small site;2,352
Small site;2,308
Small site;2,386
Small site;1,453
Small site;1,6
Small site;2,334
Small site;0,532
Small site;1,484
Small site;4,925
Small site;4,098
Small site;1,226
Small site;0,527
Small site;2,636
Small site;0,838
Small site;1,949
Small site;1,562
Small site;4,008
Small site;2,001
Small site;1,34
Small site;2,411
Small site;1,252
Small site;3,405
Small site;2,936
Small site;3,616
Small site;1,475
Small site;3,623
Small site;3,721
Small site;1,724
Small site;1,818
Small site;4,068
Small site;2,221
Small site;2,646
Small site;3,154
Small site;3,374
Small site;2,086
Small site;1,948
Small site;2,009
Small site;2,41
Small site;2,26
Small site;2,168
Small site;2,185
Small site;2,371
Small site;2,3
Small site;2,579
Small site;2,681
Small site;1,622
Small site;1,666
Small site;1,568
Small site;1,468
Small site;0,619
Small site;0,509
Small site;0,35
Small site;0,408
Small site;0,278
Small site;0,569
Small site;0,167
Small site;0,786
Small site;0,947
Small site;1,244
Small site;4,886
Small site;4,813
Small site;4,784
Small site;4,686
Small site;4,587
Small site;4,535
Small site;4,264
Small site;4,169
Small site;4,117
Small site;3,848
Small site;2,602
Small site;1,819
Small site;1,445
Small site;1,905
Small site;1,058
Small site;2,123
Small site;1,826
Small site;1,049
Small site;1,553
Small site;2,002
Small site;2,316
Small site;2,389
Small site;0,923
Small site;4,765
Small site;1,508
Small site;1,816
Small site;1,799
Small site;1,892
Small site;2,303
Small site;2,01
Small site;0,349
Small site;1,681
Small site;0,955
Small site;0,699
Small site;0,499
Small site;1,367
Small site;0,898
Small site;4,934
Small site;4,098
Small site;4,583
Small site;4,054
Small site;4,926
Small site;4,775
Small site;4,076
Small site;0,768
Small site;0,699
Small site;0,599
Small site;4,953
Small site;0,776
Small site;0,464
Small site;0,548
Small site;2,114
Small site;1,937
Small site;1,523
Small site;1,462
Small site;1,619
Small site;2,118
Small site;0,435
Small site;0,354
Small site;0,575
Small site;2,068
Small site;1,108
Small site;1,226
Small site;0,534
Small site;0,864
Small site;1,024
Small site;2,255
Small site;1,85
Small site;2,488
Small site;1,425
Small site;2,504
Small site;2,605
Small site;1,429
Small site;1,498
Small site;2,94
Small site;1,656
Small site;1,833
Small site;2,198
Small site;1,85
Small site;1,99
Small site;2,027
Small site;1,941
Small site;2,063
Small site;2,147
Small site;2,41
Small site;2,191
Small site;2,431
Small site;2,978
Small site;0,575
Small site;0,42
Small site;0,684
Small site;0,667
Small site;0,801
Small site;1,377
Small site;1,014
Small site;1,23
Small site;2,153
Small site;2,449
Small site;2,968
Small site;1,833
Small site;0,841
Small site;0,679
Small site;1,587
Small site;2,241
Small site;2,01
Small site;0,6
Small site;0,564
Small site;2,091
Small site;0,747
Small site;1,88
Small site;2,086
Small site;2,164
Small site;1,851
Small site;2,27
Small site;0,893
Small site;1,634
Small site;2,419
Small site;1,801
Small site;1,664
Small site;1,758
Small site;2,189
Small site;2,652
Small site;3,183
Small site;3,411
Small site;1,997
Small site;1,815
Small site;1,878
Small site;2,353
Small site;2,158
Small site;2,039
Small site;2,016
Small site;2,262
Small site;2,143
Small site;2,493
Small site;2,599
Small site;1,84
Small site;1,972
Small site;1,674
Small site;1,386
Small site;1,685
Small site;1,631
Small site;1,724
Small site;2,247
Small site;1,84
Small site;1,578
Small site;4,935
Small site;4,153
Small site;3,591
Small site;3,452
Small site;3,104
Small site;2,981
Small site;2,92
Small site;2,72
Small site;2,514
Small site;2,683
Small site;1,87
Small site;2,879
Small site;2,835
Small site;2,913
Small site;1,974
Small site;2,126
Small site;2,859
Small site;0,95
Small site;2,009
Small site;0,527
Small site;4,583
Small site;0,53
Small site;3,084
Small site;0,355
Small site;2,368
Small site;4,452
Small site;2,395
Small site;1,627
Small site;2,794
Small site;1,473
Small site;3,806
Small site;3,309
Small site;4,001
Small site;1,568
Small site;4,002
Small site;4,097
Small site;1,873
Small site;1,964
Small site;4,448
Small site;2,418
Small site;2,913
Small site;3,461
Small site;3,694
Small site;2,164
Small site;1,92
Small site;1,985
Small site;2,554
Small site;2,304
Small site;2,145
Small site;2,047
Small site;2,398
Small site;2,196
Small site;2,564
Small site;2,473
Small site;4,309
Small site;2,015
Small site;2,175
Small site;2,074
Small site;1,984
Small site;1,442
Small site;0,76
Small site;0,738
Small site;0,49
Small site;0,454
Small site;0,341
Small site;4,999
Small site;4,644
Small site;4,51
Small site;4,329
Small site;2,853
Small site;2,196
Small site;1,8
Small site;2,038
Small site;1,12
Small site;2,042
Small site;1,749
Small site;1,065
Small site;1,438
Small site;2,526
Small site;2,843
Small site;2,917
Small site;0,395
Small site;1,852
Small site;1,797
Small site;1,675
Small site;1,764
Small site;2,449
Small site;1,874
Small site;1,733
Small site;0,738
Small site;0,333
Small site;4,62
Small site;4,488
Small site;4,405
Small site;3,623
Small site;3,088
Small site;2,942
Small site;2,582
Small site;2,474
Small site;2,423
Small site;2,241
Small site;2,238
Small site;1,731
Small site;2,42
Small site;2,373
Small site;1,552
Small site;1,679
Small site;2,367
Small site;1,22
Small site;1,523
Small site;4,897
Small site;0,957
Small site;4,054
Small site;0,53
Small site;2,556
Small site;0,764
Small site;3,925
Small site;1,882
Small site;1,165
Small site;2,286
Small site;1,054
Small site;3,292
Small site;0,96
Small site;2,807
Small site;3,494
Small site;1,256
Small site;3,498
Small site;3,595
Small site;1,514
Small site;1,609
Small site;2,024
Small site;2,471
Small site;2,995
Small site;3,22
Small site;1,868
Small site;1,723
Small site;1,784
Small site;2,203
Small site;2,039
Small site;1,944
Small site;1,965
Small site;2,149
Small site;2,077
Small site;2,468
Small site;1,784
Small site;1,694
Small site;1,577
Small site;0,727
Small site;0,594
Small site;0,23
Small site;0,567
Small site;0,224
Small site;0,302
Small site;0,579
Small site;0,696
Small site;0,973
Small site;1,175
Small site;4,824
Small site;4,754
Small site;4,732
Small site;4,604
Small site;4,513
Small site;4,469
Small site;4,114
Small site;4
Small site;3,799
Small site;2,421
Small site;1,689
Small site;1,301
Small site;1,694
Small site;0,834
Small site;1,9
Small site;1,603
Small site;0,825
Small site;0,809
Small site;1,333
Small site;2,087
Small site;2,373
Small site;2,439
Small site;0,905
Small site;4,701
Small site;1,359
Small site;1,591
Small site;1,579
Small site;1,672
Small site;2,096
Small site;1,791
Small site;1,459
Small site;0,765
Small site;3,877
Small site;3,749
Small site;3,671
Small site;2,358
Small site;2,206
Small site;1,742
Small site;1,703
Small site;1,55
Small site;1,604
Small site;1,67
Small site;1,255
Small site;1,213
Small site;1,803
Small site;0,944
Small site;0,681
Small site;0,622
Small site;0,558
Small site;1,691
Small site;0,534
Small site;1,816
Small site;1,102
Small site;0,705
Small site;3,183
Small site;1,145
Small site;1,554
Small site;2,552
Small site;2,078
Small site;2,759
Small site;1,003
Small site;2,766
Small site;2,864
Small site;1,109
Small site;1,196
Small site;1,494
Small site;1,836
Small site;2,312
Small site;1,53
Small site;1,573
Small site;1,619
Small site;1,737
Small site;1,736
Small site;1,757
Small site;1,956
Small site;1,861
Small site;2,002
Small site;2,518
Small site;0,765
Small site;1,528
Small site;1,475
Small site;1,313
Small site;0,837
Small site;0,436
Small site;0,865
Small site;1,106
Small site;0,513
Small site;0,737
Small site;0,639
Small site;0,828
Small site;4,09
Small site;4,022
Small site;4,005
Small site;3,862
Small site;3,773
Small site;3,733
Small site;3,385
Small site;1,805
Small site;0,962
Small site;0,6
Small site;1,29
Small site;1,811
Small site;1,553
Small site;1,916
Small site;0,435
Small site;3,965
Small site;0,668
Small site;1,451
Small site;1,607
Small site;1,691
Small site;1,635
Small site;1,803
Small site;1,228
Small site;2,758
Small site;1,073
Small site;0,876
Small site;0,403
Small site;0,888
Small site;2,385
Small site;0,925
Small site;3,173
Small site;2,327
Small site;2,775
Small site;0,31
Small site;0,861
Small site;1,815
Small site;1,751
Small site;0,841
Small site;0,372
Small site;0,557
Small site;1,85
Small site;2,277
Small site;2,314
Small site;3,216
Small site;3,487
Small site;3,566
Small site;2,279
Small site;3,127
Small site;2,535
Small site;0,876
Small site;0,676
Small site;0,227
Small site;0,587
Small site;0,737
Small site;0,987
Small site;1,748
Small site;2,679
Small site;2,665
Small site;1,004
Small site;0,799
Small site;3,483
Small site;2,52
Small site;2,636
Small site;3,084
Small site;2,556
Small site;1,816
Small site;0,31
Small site;3,394
Small site;3,242
Small site;0,743
Small site;0,61
Small site;2,921
Small site;0,728
Small site;1,688
Small site;2,364
Small site;2,464
Small site;3,551
Small site;0,709
Small site;0,663
Small site;0,74
Small site;0,821
Small site;2,07
Small site;2,125
Small site;2,226
Small site;2,329
Small site;2,444
Small site;2,408
Small site;2,586
Small site;2,587
Small site;2,624
Small site;2,626
Small site;2,937
Small site;3,157
Small site;3,526
Small site;3,612
Small site;3,796
Small site;3,874
Small site;1,778
Small site;3,436
Small site;2,803
Small site;1,356
Small site;2,887
Small site;2,29
Small site;3,044
Small site;0,062
Small site;4,493
Small site;3,826
Small site;3,703
Small site;3,228
Small site;3,15
Small site;2,923
Small site;2,84
Small site;1,76
Small site;3,27
Small site;3,394
Small site;2,66
Small site;2,245
Small site;4,747
Small site;2,665
Small site;1,838
Small site;3,045
Small site;1,644
Small site;4,062
Small site;0,814
Small site;3,545
Small site;4,24
Small site;1,63
Small site;4,236
Small site;4,328
Small site;1,96
Small site;2,042
Small site;2,52
Small site;3,06
Small site;3,635
Small site;3,876
Small site;2,177
Small site;1,857
Small site;1,921
Small site;2,607
Small site;2,282
Small site;2,073
Small site;1,88
Small site;2,358
Small site;2,051
Small site;2,483
Small site;2,231
Small site;4,683
Small site;2,292
Small site;0,288
Small site;4,974
Small site;4,753
Small site;4,667
Small site;2,988
Small site;2,454
Small site;2,055
Small site;2,103
Small site;1,924
Small site;1,653
Small site;1,336
Small site;4,574
Small site;2,095
Small site;1,748
Small site;1,543
Small site;1,621
Small site;2,507
Small site;1,717
Small site;1,749
Small site;4,342
Small site;3,676
Small site;3,552
Small site;3,077
Small site;3,001
Small site;2,776
Small site;2,697
Small site;3,177
Small site;3,132
Small site;2,919
Small site;2,289
Small site;2,43
Small site;3,131
Small site;1,966
Small site;1,3
Small site;2,287
Small site;0,838
Small site;0,355
Small site;0,764
Small site;3,242
Small site;2,508
Small site;2,093
Small site;4,595
Small site;2,513
Small site;2,894
Small site;3,911
Small site;3,395
Small site;4,09
Small site;4,087
Small site;4,179
Small site;1,826
Small site;1,91
Small site;2,385
Small site;2,919
Small site;3,492
Small site;3,732
Small site;2,058
Small site;1,756
Small site;1,82
Small site;2,482
Small site;2,172
Small site;1,975
Small site;2,252
Small site;1,975
Small site;2,192
Small site;4,535
Small site;2,141
Small site;2,503
Small site;2,405
Small site;2,305
Small site;1,454
Small site;0,982
Small site;0,988
Small site;0,773
Small site;4,823
Small site;4,604
Small site;4,515
Small site;2,848
Small site;2,303
Small site;1,903
Small site;1,974
Small site;4,432
Small site;2,835
Small site;3,135
Small site;3,202
Small site;1,944
Small site;2,38
Small site;3,212
Small site;1,799
Small site;1,292
Small site;0,688
Small site;0,706
Small site;0,714
Small site;2,098
Small site;1,648
Small site;1,34
Small site;2,79
Small site;1,837
Small site;1,949
Small site;2,368
Small site;1,102
Small site;0,743
Small site;2,66
Small site;2,508
Small site;0,415
Small site;0,164
Small site;0,511
Small site;1,457
Small site;2,181
Small site;1,025
Small site;1,294
Small site;1,192
Small site;1,605
Small site;1,915
Small site;1,8
Small site;2,336
Small site;2,928
Small site;2,197
Small site;1,263
Small site;0,384
Small site;0,444
Small site;0,374
Small site;1,459
Small site;1,625
Small site;1,6
Small site;1,815
Small site;1,666
Small site;1,843
Small site;1,881
Small site;1,924
Small site;1,892
Small site;2,198
Small site;2,422
Small site;2,806
Small site;2,872
Small site;3,116
Small site;3,194
Small site;0,297
Small site;1,352
Small site;2,168
Small site;2,027
Small site;2,709
Small site;1,548
Small site;1,352
Small site;2,707
Small site;2,062
Small site;0,62
Small site;1,845
Small site;2,208
Small site;2,288
Small site;1,599
Small site;2,303
Small site;1,654
Small site;1,083
Small site;2,396
Small site;1,562
Small site;2,245
Small site;0,415
Small site;0,439
Small site;1,848
Small site;1,376
Small site;1,046
Small site;1,102
Small site;1,251
Small site;1,39
Small site;1,599
Small site;1,742
Small site;2,065
Small site;2,646
Small site;0,915
Small site;1,311
Small site;1,262
Small site;1,473
Small site;1,783
Small site;2,007
Small site;2,397
Small site;2,457
Small site;0,274
Small site;1,123
Small site;1,016
Small site;2,295
Small site;0,264
Small site;1,584
Small site;1,646
Small site;1,786
Small site;1,889
Small site;4,089
Small site;4,69
Small site;0,697
Small site;1,071
Small site;0,603
Small site;0,625
Small site;3,665
Small site;3,746
Small site;3,49
Small site;2,702
Small site;2,779
Small site;2,785
Small site;3,066
Small site;3,051
Small site;1,997
Small site;3,161
Small site;2,968
Small site;3,12
Small site;4,02
Small site;1,707
Small site;4,019
Small site;1,614
Small site;1,461
Small site;1,441
Small site;5,009
Small site;3,362
Small site;4,854
Small site;3,892
Small site;4,008
Small site;4,452
Small site;3,925
Small site;3,183
Small site;4,747
Small site;4,595
Small site;0,838
Small site;1,234
Small site;1,396
Small site;1,411
Small site;2,025
Small site;2,093
Small site;2,153
Small site;3,251
Small site;3,329
Small site;3,217
Small site;3,466
Small site;3,582
Small site;3,597
Small site;4,024
Small site;3,698
Small site;3,807
Small site;3,981
Small site;3,957
Small site;3,995
Small site;3,981
Small site;4,282
Small site;4,509
Small site;4,892
Small site;4,953
Small site;0,952
Small site;1,011
Small site;0,679
Small site;0,61
Small site;0,636
Small site;3,41
Small site;2,128
Small site;1,784
Small site;1,762
Small site;1,826
Small site;3,167
Small site;3,085
Small site;2,578
Small site;2,628
Small site;2,734
Small site;2,659
Small site;3,219
Small site;3,108
Small site;3,204
Small site;2,986
Small site;3,149
Small site;2,269
Small site;4,124
Small site;4,048
Small site;3,296
Small site;2,577
Small site;2,867
Small site;2,506
Small site;2,406
Small site;3,364
Small site;3,362
Small site;4,796
Small site;3,662
Small site;2,527
Small site;3,16
Small site;4,125
Small site;3,278
Small site;0,648
Small site;1,806
Small site;1,216
Small site;0,587
Small site;0,557
Small site;1,994
Small site;1,858
Small site;1,811
Small site;1,601
Small site;1,582
Small site;1,605
Small site;1,452
Small site;1,488
Small site;2,835
Small site;1,892
Small site;2,001
Small site;2,395
Small site;1,882
Small site;1,145
Small site;2,665
Small site;2,513
Small site;0,164
Small site;0,439
Small site;1,411
Small site;2,142
Small site;0,939
Small site;1,176
Small site;1,039
Small site;1,474
Small site;1,805
Small site;1,664
Small site;2,217
Small site;2,811
Small site;2,285
Small site;1,371
Small site;0,543
Small site;0,606
Small site;0,381
Small site;1,947
Small site;1,961
Small site;1,321
Small site;1,542
Small site;1,72
Small site;1,684
Small site;2,314
Small site;1,898
Small site;1,658
Small site;1,816
Small site;1,921
Small site;1,969
Small site;1,903
Small site;2,196
Small site;2,427
Small site;2,829
Small site;2,865
Small site;3,166
Small site;3,244
Small site;0,218
Small site;1,228
Small site;2,054
Small site;1,93
Small site;1,748
Small site;2,783
Small site;2,813
Small site;4,852
Small site;1,818
Small site;1,712
Small site;1,529
Small site;1,436
Small site;2,721
Small site;2,054
Small site;0,58
Small site;2,112
Small site;2,186
Small site;1,628
Small site;1,653
Small site;2,295
Small site;1,506
Small site;1,703
Small site;1,851
Small site;3,955
Small site;4,029
Small site;3,797
Small site;3,21
Small site;3,147
Small site;4,258
Small site;2,365
Small site;2,403
Small site;3,675
Small site;3,996
Small site;3,996
Small site;1,718
Small site;4,126
Small site;3,927
Small site;4,089
Small site;3,17
Small site;2,536
Small site;4,223
Small site;4,379
Small site;4,919
Small site;4,954
Small site;1,678
Small site;1,969
Small site;1,974
Small site;4,187
Small site;4,274
Small site;4,187
Small site;4,487
Small site;4,596
Small site;4,616
Small site;4,727
Small site;4,825
Small site;4,99
Small site;4,986
Small site;3,716
Small site;2,183
Small site;2,139
Small site;2,015
Small site;3,511
Small site;3,453
Small site;3,404
Small site;3,209
Small site;3,028
Small site;3,114
Small site;2,911
Small site;2,917
Small site;2,842
Small site;3,086
Small site;3,173
Small site;3,08
Small site;2,858
Small site;3,144
Small site;3,451
Small site;3,252
Small site;3,345
Small site;3,4
Small site;3,192
Small site;3,133
Small site;3,585
Small site;4,205
Small site;4,188
Small site;4,124
Small site;4,058
Small site;2,311
Small site;2,543
Small site;2,642
Small site;2,092
Small site;4,095
Small site;3,934
Small site;3,493
Small site;2,981
Small site;3,776
Small site;3,388
Small site;3,548
Small site;3,283
Small site;4,378
Small site;4,862
Small site;4,69
Small site;3,003
Small site;3,318
Small site;3,238
Small site;3,351
Small site;3,647
Small site;4,081
Small site;0,447
Small site;1,001
Small site;2,26
Small site;1,734
Small site;1,686
Small site;2,033
Small site;1,46
Small site;1,191
Small site;1,116
Small site;2,109
Small site;1,34
Small site;0,864
Small site;1,627
Small site;1,165
Small site;1,307
Small site;2,147
Small site;1,185
Small site;1,189
Small site;2,007
Small site;1,972
Small site;1,353
Small site;0,986
Small site;1,409
Small site;1,317
Small site;1,396
Small site;0,824
Small site;1,216
Small site;1,277
Small site;1,102
Small site;1,362
Small site;1,601
Small site;2,04
Small site;2,018
Small site;0,288
Small site;3,588
Small site;1,912
Small site;1,212
Small site;1,45
Small site;3,132
Small site;3,172
Small site;1,058
Small site;1,873
Small site;2,192
Small site;2,986
Small site;0,188
Small site;0,48
Small site;3,036
Small site;2,094
Small site;2,009
Small site;2,146
Small site;1,826
Small site;2,059
Small site;2,006
Small site;2,608
Small site;1,959
Small site;2,56
Small site;1,586
Small site;1,763
Small site;1,395
Small site;3,397
Small site;1,896
Small site;3,241
Small site;2,303
Small site;2,411
Small site;2,794
Small site;2,286
Small site;1,554
Small site;0,61
Small site;3,045
Small site;2,894
Small site;0,511
Small site;1,017
Small site;0,526
Small site;2,127
Small site;2,149
Small site;1,306
Small site;0,768
Small site;0,854
Small site;0,977
Small site;2,269
Small site;2,296
Small site;1,73
Small site;2,007
Small site;1,954
Small site;2,129
Small site;2,096
Small site;2,711
Small site;2,073
Small site;2,31
Small site;2,535
Small site;2,327
Small site;2,376
Small site;2,29
Small site;2,572
Small site;2,807
Small site;3,223
Small site;3,233
Small site;3,575
Small site;3,653
Small site;2,67
Small site;2,692
Small site;2,943
Small site;3,074
Small site;3,186
Small site;3,162
Small site;3,904
Small site;4,442
Small site;4,644
Small site;4,018
Small site;2,08
Small site;1,933
Small site;1,939
Small site;1,933
Small site;1,848
Small site;3,109
Small site;2,424
Small site;1,894
Small site;2,064
Small site;2,664
Small site;4,359
Small site;0,657
Small site;0,421
Small site;0,837
Small site;1,094
Small site;2,447
Small site;2,396
Small site;1,858
Small site;1,812
Small site;2,239
Small site;1,561
Small site;1,636
Small site;1,97
Small site;1,252
Small site;1,024
Small site;1,473
Small site;1,054
Small site;1,644
Small site;1,045
Small site;0,401
Small site;0,969
Small site;1,139
Small site;1,388
Small site;1,408
Small site;1,956
Small site;3,334
Small site;2,382
Small site;1,418
Small site;1,418
Small site;2,132
Small site;2,087
Small site;1,921
Small site;0,258
Small site;1,731
Small site;1,339
Small site;1,223
Small site;1,376
Small site;0,643
Small site;0,733
Small site;1,11
Small site;1,176
Small site;0,939
Small site;1,167
Small site;1,411
Small site;1,809
Small site;2,391
Small site;0,524
Small site;0,473
Small site;0,99
Small site;0,572
Small site;0,654
Small site;3,822
Small site;2,359
Small site;2,382
Small site;1,728
Small site;1,012
Small site;0,856
Small site;1,08
Small site;1,151
Small site;1,253
Small site;1,246
Small site;2,582
Small site;2,056
Small site;2,749
Small site;2,859
Small site;3,663
Small site;3,209
Small site;4,003
Small site;0,317
Small site;0,835
Small site;0,933
Small site;1,21
Small site;3,082
Small site;4,08
Small site;4,162
Small site;3,9
Small site;2,999
Small site;3,573
Small site;3,539
Small site;2,606
Small site;2,794
Small site;2,748
Small site;2,345
Small site;2,806
Small site;2,637
Small site;2,758
Small site;2,103
Small site;3,528
Small site;1,753
Small site;2,796
Small site;3,499
Small site;1,63
Small site;2,403
Small site;2,649
Small site;1,409
Small site;2,58
Small site;4,399
Small site;2,829
Small site;4,243
Small site;3,293
Small site;3,405
Small site;2,255
Small site;3,806
Small site;3,292
Small site;2,552
Small site;4,062
Small site;3,911
Small site;1,457
Small site;1,848
Small site;1,017
Small site;3,474
Small site;0,548
Small site;0,264
Small site;2,62
Small site;0,306
Small site;0,399
Small site;2,284
Small site;1,886
Small site;2,44
Small site;2,064
Small site;2,552
Small site;2,619
Small site;3,758
Small site;2,591
Small site;1,801
Small site;1,337
Small site;1,523
Small site;1,607
Small site;1,701
Small site;1,792
Small site;2,957
Small site;3,014
Small site;2,882
Small site;2,384
Small site;2,67
Small site;2,876
Small site;2,91
Small site;3,06
Small site;3,048
Small site;3,584
Small site;3,074
Small site;3,264
Small site;3,049
Small site;3,468
Small site;3,177
Small site;3,331
Small site;3,377
Small site;3,307
Small site;3,589
Small site;3,824
Small site;4,238
Small site;4,248
Small site;4,571
Small site;4,65
Small site;2,011
Small site;2,287
Small site;3,06
Small site;3,093
Small site;3,821
Small site;4,188
Small site;3,824
Small site;2,376
Small site;2,345
Small site;2,291
Small site;2,289
Small site;2,425
Small site;3,566
Small site;3,392
Small site;2,861
Small site;2,763
Small site;2,812
Small site;2,89
Small site;2,974
Small site;3,088
Small site;3,033
Small site;2,86
Small site;3,485
Small site;3,693
Small site;3,641
Small site;3,733
Small site;3,648
Small site;3,704
Small site;3,759
Small site;3,934
Small site;2,988
Small site;4,716
Small site;4,684
Small site;3,788
Small site;2,968
Small site;2,648
Small site;2,364
Small site;2,45
Small site;2,282
Small site;2,851
Small site;2,803
Small site;3,219
Small site;4,126
Small site;3,44
Small site;1,967
Small site;2,86
Small site;3,219
Small site;3,24
Small site;3,28
Small site;2,492
Small site;3,055
Small site;3,68
Small site;2,866
Small site;3,594
Small site;3,539
Small site;3,663
Small site;3,925
Small site;4,726
Small site;0,953
Small site;3,225
Small site;3,096
Small site;0,96
Small site;2,921
Small site;0,814
Small site;2,181
Small site;2,142
Small site;1,045
Small site;3,474
Small site;1,043
Small site;1,26
Small site;1,263
Small site;4,339
Small site;1,186
Small site;0,617
Small site;0,489
Small site;0,858
Small site;1,549
Small site;0,842
Small site;3,206
Small site;0,744
Small site;0,83
Small site;0,936
Small site;0,442
Small site;2,995
Small site;1,583
Small site;2,378
Small site;2,699
Small site;3,485
Small site;0,282
Small site;0,205
Small site;0,339
Small site;0,662
Small site;4,276
Small site;4,358
Small site;4,096
Small site;3,147
Small site;2,452
Small site;2,333
Small site;2,566
Small site;2,499
Small site;2,183
Small site;2,519
Small site;2,372
Small site;2,467
Small site;1,995
Small site;3,127
Small site;1,824
Small site;2,451
Small site;3,082
Small site;1,697
Small site;2,1
Small site;2,27
Small site;1,478
Small site;2,195
Small site;3,919
Small site;2,416
Small site;3,763
Small site;2,829
Small site;2,936
Small site;1,85
Small site;3,309
Small site;2,807
Small site;2,078
Small site;0,861
Small site;0,728
Small site;3,545
Small site;3,395
Small site;1,025
Small site;1,376
Small site;0,526
Small site;0,548
Small site;2,016
Small site;2,082
Small site;1,392
Small site;1,201
Small site;1,291
Small site;1,405
Small site;2,707
Small site;2,746
Small site;2,598
Small site;1,873
Small site;2,251
Small site;2,51
Small site;2,478
Small site;2,649
Small site;2,62
Small site;3,218
Small site;2,596
Small site;2,834
Small site;2,531
Small site;3,056
Small site;2,646
Small site;2,849
Small site;2,899
Small site;2,799
Small site;3,069
Small site;3,308
Small site;3,735
Small site;3,721
Small site;4,098
Small site;4,176
Small site;1,509
Small site;4,372
Small site;4,025
Small site;2,516
Small site;2,6
Small site;2,609
Small site;2,782
Small site;3,005
Small site;2,946
Small site;3,005
Small site;3,154
Small site;3,269
Small site;3,228
Small site;3,937
Small site;3,925
Small site;4,014
Small site;3,949
Small site;3,411
Small site;4,042
Small site;2,463
Small site;2,25
Small site;2,294
Small site;2,45
Small site;2,372
Small site;2,746
Small site;3,615
Small site;2,918
Small site;1,458
Small site;2,288
Small site;2,589
Small site;3,156
Small site;3,045
Small site;3,926
Small site;2,416
Small site;2,472
Small site;2,601
Small site;2,693
Small site;2,993
Small site;3,91
Small site;3,393
Small site;4,18
Small site;1,905
Small site;1,39
Small site;1,456
Small site;4,285
Small site;4,367
Small site;4,105
Small site;3,223
Small site;3,742
Small site;4,913
Small site;3,613
Small site;2,87
Small site;2,714
Small site;3,057
Small site;3,009
Small site;2,83
Small site;2,61
Small site;3,064
Small site;2,896
Small site;3,015
Small site;2,367
Small site;3,765
Small site;2,001
Small site;3,045
Small site;3,731
Small site;1,88
Small site;2,658
Small site;2,298
Small site;2,89
Small site;2,82
Small site;4,605
Small site;3,062
Small site;4,449
Small site;3,506
Small site;3,616
Small site;2,488
Small site;4,001
Small site;3,494
Small site;2,759
Small site;4,24
Small site;4,09
Small site;0,838
Small site;0,264
Small site;3,622
Small site;0,057
Small site;2,518
Small site;2,611
Small site;2,667
Small site;3,804
Small site;2,716
Small site;1,871
Small site;1,992
Small site;1,771
Small site;1,857
Small site;1,954
Small site;3,219
Small site;3,274
Small site;3,14
Small site;2,9
Small site;3,121
Small site;3,136
Small site;3,293
Small site;3,276
Small site;3,83
Small site;3,28
Small site;3,491
Small site;3,226
Small site;3,702
Small site;3,338
Small site;3,535
Small site;3,583
Small site;3,493
Small site;3,764
Small site;4,003
Small site;4,428
Small site;4,415
Small site;4,781
Small site;4,859
Small site;1,759
Small site;1,838
Small site;1,373
Small site;1,452
Small site;4,03
Small site;4,396
Small site;4,028
Small site;2,603
Small site;2,566
Small site;2,464
Small site;2,456
Small site;2,571
Small site;3,773
Small site;3,708
Small site;3,584
Small site;3,428
Small site;3,086
Small site;2,978
Small site;3,024
Small site;3,088
Small site;3,189
Small site;3,302
Small site;3,243
Small site;3,062
Small site;3,662
Small site;3,883
Small site;3,814
Small site;3,908
Small site;3,814
Small site;3,857
Small site;3,822
Small site;3,987
Small site;3,087
Small site;4,873
Small site;4,825
Small site;3,973
Small site;3,174
Small site;2,912
Small site;2,627
Small site;2,715
Small site;2,545
Small site;3,087
Small site;3,029
Small site;3,427
Small site;4,31
Small site;3,613
Small site;2,755
Small site;3,267
Small site;3,85
Small site;3,081
Small site;3,779
Small site;3,721
Small site;3,845
Small site;4,113
Small site;4,88
Small site;4,655
Small site;4,665
Small site;4,723
Small site;1,768
Small site;0,964
Small site;1,568
Small site;0,695
Small site;2,742
Small site;2,845
Small site;2,794
Small site;2,555
Small site;2,251
Small site;2,207
Small site;2,628
Small site;1,947
Small site;1,925
Small site;2,911
Small site;1,681
Small site;2,791
Small site;1,617
Small site;1,545
Small site;2,078
Small site;1,475
Small site;1,425
Small site;1,568
Small site;1,256
Small site;1,003
Small site;1,63
Small site;0,401
Small site;2,62
Small site;0,334
Small site;0,413
Small site;0,572
Small site;0,755
Small site;1,008
Small site;3,655
Small site;3,632
Small site;2,717
Small site;1,768
Small site;1,778
Small site;2,525
Small site;2,476
Small site;2,312
Small site;1,84
Small site;0,658
Small site;1,439
Small site;1,866
Small site;2,099
Small site;1,461
Small site;1,68
Small site;1,552
Small site;1,678
Small site;0,757
Small site;0,697
Small site;1,315
Small site;1,384
Small site;1,053
Small site;1,177
Small site;1,418
Small site;1,905
Small site;1,735
Small site;2,42
Small site;2,49
Small site;0,448
Small site;0,596
Small site;0,51
Small site;0,578
Small site;4,128
Small site;4,163
Small site;2,638
Small site;2,755
Small site;2,544
Small site;2,641
Small site;2,776
Small site;1,412
Small site;1,306
Small site;1,742
Small site;1,02
Small site;0,455
Small site;0,765
Small site;0,861
Small site;2,467
Small site;1,217
Small site;2,468
Small site;2,525
Small site;2,655
Small site;2,748
Small site;3,013
Small site;3,932
Small site;3,392
Small site;4,176
Small site;1,957
Small site;1,433
Small site;1,504
Small site;4,341
Small site;4,423
Small site;4,161
Small site;3,278
Small site;3,799
Small site;4,97
Small site;3,665
Small site;2,91
Small site;2,755
Small site;3,091
Small site;3,041
Small site;2,883
Small site;2,648
Small site;3,093
Small site;2,927
Small site;3,044
Small site;2,408
Small site;3,782
Small site;2,052
Small site;3,068
Small site;3,746
Small site;1,93
Small site;2,685
Small site;2,349
Small site;2,909
Small site;1,71
Small site;2,838
Small site;4,609
Small site;3,077
Small site;4,454
Small site;3,514
Small site;3,623
Small site;2,504
Small site;4,002
Small site;3,498
Small site;2,766
Small site;4,236
Small site;4,087
Small site;0,888
Small site;0,306
Small site;0,057
Small site;2,772
Small site;1,928
Small site;2,049
Small site;1,64
Small site;1,794
Small site;1,881
Small site;1,981
Small site;3,251
Small site;3,305
Small site;3,169
Small site;3,007
Small site;2,914
Small site;3,142
Small site;3,149
Small site;3,309
Small site;3,289
Small site;3,851
Small site;3,285
Small site;3,504
Small site;3,223
Small site;3,717
Small site;3,539
Small site;3,588
Small site;3,492
Small site;3,76
Small site;4
Small site;4,428
Small site;4,408
Small site;4,787
Small site;4,865
Small site;1,804
Small site;1,885
Small site;1,498
Small site;4,086
Small site;4,452
Small site;4,084
Small site;2,658
Small site;2,621
Small site;2,521
Small site;2,513
Small site;2,628
Small site;3,829
Small site;3,764
Small site;3,641
Small site;3,485
Small site;3,141
Small site;3,033
Small site;3,079
Small site;3,144
Small site;3,244
Small site;3,357
Small site;3,298
Small site;3,118
Small site;3,719
Small site;3,94
Small site;3,871
Small site;3,965
Small site;3,871
Small site;3,914
Small site;4,916
Small site;3,873
Small site;4,037
Small site;3,141
Small site;4,93
Small site;4,884
Small site;4,882
Small site;4,03
Small site;3,23
Small site;2,949
Small site;2,669
Small site;2,753
Small site;2,587
Small site;3,103
Small site;3,042
Small site;3,434
Small site;4,308
Small site;3,608
Small site;2,79
Small site;3,275
Small site;3,844
Small site;3,137
Small site;3,836
Small site;3,777
Small site;3,902
Small site;4,17
Small site;4,937
Small site;2,471
Small site;2,532
Small site;2,667
Small site;2,764
Small site;3,115
Small site;4,034
Small site;3,485
Small site;4,267
Small site;1,958
Small site;1,406
Small site;1,491
Small site;4,397
Small site;4,479
Small site;4,217
Small site;3,343
Small site;3,838
Small site;3,665
Small site;3,005
Small site;2,848
Small site;3,19
Small site;3,141
Small site;2,884
Small site;2,744
Small site;3,194
Small site;3,027
Small site;3,145
Small site;2,502
Small site;3,883
Small site;2,132
Small site;3,17
Small site;3,847
Small site;2,011
Small site;2,786
Small site;2,345
Small site;3,011
Small site;1,793
Small site;2,94
Small site;4,706
Small site;3,178
Small site;4,551
Small site;3,612
Small site;3,721
Small site;2,605
Small site;4,097
Small site;3,595
Small site;2,864
Small site;4,328
Small site;4,179
Small site;0,887
Small site;0,399
Small site;2,794
Small site;1,974
Small site;2,101
Small site;1,724
Small site;1,896
Small site;1,982
Small site;2,082
Small site;3,35
Small site;3,405
Small site;3,27
Small site;3,109
Small site;3,015
Small site;3,244
Small site;3,249
Small site;3,41
Small site;3,389
Small site;3,953
Small site;3,383
Small site;3,605
Small site;3,819
Small site;3,636
Small site;3,686
Small site;3,585
Small site;3,851
Small site;4,091
Small site;4,522
Small site;4,497
Small site;4,884
Small site;4,962
Small site;1,779
Small site;1,867
Small site;1,478
Small site;1,403
Small site;4,143
Small site;4,509
Small site;4,14
Small site;2,726
Small site;2,686
Small site;2,429
Small site;2,484
Small site;2,542
Small site;2,564
Small site;2,554
Small site;2,66
Small site;3,885
Small site;3,813
Small site;3,819
Small site;3,691
Small site;3,533
Small site;3,207
Small site;3,094
Small site;3,139
Small site;3,198
Small site;3,305
Small site;3,418
Small site;3,357
Small site;3,173
Small site;3,762
Small site;3,989
Small site;3,913
Small site;4,007
Small site;3,909
Small site;3,946
Small site;4,956
Small site;3,524
Small site;3,869
Small site;4,028
Small site;3,152
Small site;4,964
Small site;4,912
Small site;4,908
Small site;4,077
Small site;3,287
Small site;3,046
Small site;2,762
Small site;2,849
Small site;2,68
Small site;3,205
Small site;3,142
Small site;3,531
Small site;4,401
Small site;2,889
Small site;3,373
Small site;3,934
Small site;3,198
Small site;3,883
Small site;3,823
Small site;3,947
Small site;4,218
Small site;4,969
Small site;1,853
Small site;0,796
Small site;1,251
Small site;1,898
Small site;0,83
Small site;2,72
Small site;2,797
Small site;2,746
Small site;2,553
Small site;2,509
Small site;2,302
Small site;2,253
Small site;2,544
Small site;2,023
Small site;2,131
Small site;1,753
Small site;1,681
Small site;2,523
Small site;1,667
Small site;2,382
Small site;1,664
Small site;1,724
Small site;1,429
Small site;1,873
Small site;1,514
Small site;1,109
Small site;1,96
Small site;0,334
Small site;0,094
Small site;0,426
Small site;0,643
Small site;0,742
Small site;1,069
Small site;1,658
Small site;1,731
Small site;2,574
Small site;2,539
Small site;2,369
Small site;1,915
Small site;1,537
Small site;1,965
Small site;2,212
Small site;1,609
Small site;1,834
Small site;1,719
Small site;2,486
Small site;1,402
Small site;1,872
Small site;1,042
Small site;2,135
Small site;1,022
Small site;1,572
Small site;1,64
Small site;1,346
Small site;1,5
Small site;1,743
Small site;2,227
Small site;2,07
Small site;2,727
Small site;2,798
Small site;0,896
Small site;0,772
Small site;0,907
Small site;4,167
Small site;4,271
Small site;2,63
Small site;2,698
Small site;2,544
Small site;2,604
Small site;2,706
Small site;1,542
Small site;1,542
Small site;2,068
Small site;1,342
Small site;0,579
Small site;0,955
Small site;1,024
Small site;2,449
Small site;1,547
Small site;4,412
Small site;4,43
Small site;4,484
Small site;4,514
Small site;1,05
Small site;1,933
Small site;0,889
Small site;1,343
Small site;1,98
Small site;0,871
Small site;0,829
Small site;4,122
Small site;2,779
Small site;2,85
Small site;2,799
Small site;2,622
Small site;4,807
Small site;2,564
Small site;2,376
Small site;2,327
Small site;2,589
Small site;2,103
Small site;2,224
Small site;2,773
Small site;1,833
Small site;2,628
Small site;1,759
Small site;2,614
Small site;1,753
Small site;2,473
Small site;1,758
Small site;1,818
Small site;1,498
Small site;1,758
Small site;1,964
Small site;1,609
Small site;1,196
Small site;2,042
Small site;1,294
Small site;1,046
Small site;1,176
Small site;2,284
Small site;0,413
Small site;0,094
Small site;1,061
Small site;0,353
Small site;0,631
Small site;0,596
Small site;1,042
Small site;1,635
Small site;3,453
Small site;3,449
Small site;2,547
Small site;1,65
Small site;1,681
Small site;1,77
Small site;1,026
Small site;2,648
Small site;2,615
Small site;2,445
Small site;1,995
Small site;1,62
Small site;2,047
Small site;2,296
Small site;1,698
Small site;1,924
Small site;1,81
Small site;2,576
Small site;1,496
Small site;1,964
Small site;1,135
Small site;2,228
Small site;1,106
Small site;1,667
Small site;1,735
Small site;1,438
Small site;1,586
Small site;1,828
Small site;2,313
Small site;2,146
Small site;2,817
Small site;2,889
Small site;0,841
Small site;0,094
Small site;0,878
Small site;0,785
Small site;0,919
Small site;0,99
Small site;3,575
Small site;3,959
Small site;3,989
Small site;4,201
Small site;4,306
Small site;4,303
Small site;2,693
Small site;2,749
Small site;2,608
Small site;2,66
Small site;2,754
Small site;1,629
Small site;1,636
Small site;2,153
Small site;1,428
Small site;0,791
Small site;0,587
Small site;0,968
Small site;0,489
Small site;1,027
Small site;2,51
Small site;1,629
Small site;2,363
Small site;2,433
Small site;2,587
Small site;2,699
Small site;3,441
Small site;4,356
Small site;4,465
Small site;4,546
Small site;4,288
Small site;3,457
Small site;3,845
Small site;3,482
Small site;3,537
Small site;3,264
Small site;3,473
Small site;3,432
Small site;2,766
Small site;3,009
Small site;3,496
Small site;3,324
Small site;3,449
Small site;2,751
Small site;4,216
Small site;2,319
Small site;3,489
Small site;4,184
Small site;2,205
Small site;3,095
Small site;3,34
Small site;1,995
Small site;3,27
Small site;3,514
Small site;4,9
Small site;3,959
Small site;4,068
Small site;2,94
Small site;4,448
Small site;3,944
Small site;2,748
Small site;2,026
Small site;2,173
Small site;1,937
Small site;3,64
Small site;3,7
Small site;3,571
Small site;3,432
Small site;3,353
Small site;3,569
Small site;3,589
Small site;3,746
Small site;3,729
Small site;4,277
Small site;3,731
Small site;3,945
Small site;4,155
Small site;3,985
Small site;4,035
Small site;4,874
Small site;0,166
Small site;1,422
Small site;0,285
Small site;4,219
Small site;4,584
Small site;4,208
Small site;2,855
Small site;2,802
Small site;2,551
Small site;2,586
Small site;2,595
Small site;2,576
Small site;2,648
Small site;3,96
Small site;3,89
Small site;3,884
Small site;3,74
Small site;3,574
Small site;3,326
Small site;3,192
Small site;3,23
Small site;3,263
Small site;3,401
Small site;3,511
Small site;3,442
Small site;3,246
Small site;3,784
Small site;4,031
Small site;3,928
Small site;4,023
Small site;3,912
Small site;3,929
Small site;4,96
Small site;3,406
Small site;3,727
Small site;3,871
Small site;3,064
Small site;4,945
Small site;4,864
Small site;4,111
Small site;3,364
Small site;3,316
Small site;3,009
Small site;3,11
Small site;2,921
Small site;3,538
Small site;3,483
Small site;3,879
Small site;3,166
Small site;3,72
Small site;3,296
Small site;3,918
Small site;3,852
Small site;3,976
Small site;4,257
Small site;4,946
Small site;4,108
Small site;4,135
Small site;4,206
Small site;4,25
Small site;1,194
Small site;2,159
Small site;1,788
Small site;2,458
Small site;0,443
Small site;4,035
Small site;4,956
Small site;2,836
Small site;2,867
Small site;2,819
Small site;2,747
Small site;4,513
Small site;2,596
Small site;2,543
Small site;2,491
Small site;2,563
Small site;2,732
Small site;2,312
Small site;2,576
Small site;2,621
Small site;2,171
Small site;2,05
Small site;2,449
Small site;1,97
Small site;3,068
Small site;2,031
Small site;2,924
Small site;2,147
Small site;2,221
Small site;1,656
Small site;2,189
Small site;2,418
Small site;2,024
Small site;1,494
Small site;1,688
Small site;2,52
Small site;2,385
Small site;1,192
Small site;1,102
Small site;1,039
Small site;0,915
Small site;1,886
Small site;0,593
Small site;3,209
Small site;3,228
Small site;2,363
Small site;1,575
Small site;1,629
Small site;1,739
Small site;1,056
Small site;2,805
Small site;2,79
Small site;2,618
Small site;2,208
Small site;1,117
Small site;1,878
Small site;2,286
Small site;2,543
Small site;2,006
Small site;2,229
Small site;2,132
Small site;2,885
Small site;1,882
Small site;2,31
Small site;1,582
Small site;2,573
Small site;2,08
Small site;2,146
Small site;1,886
Small site;2,058
Small site;2,302
Small site;2,783
Small site;2,628
Small site;3,27
Small site;3,343
Small site;0,936
Small site;0,982
Small site;3,486
Small site;3,397
Small site;3,749
Small site;3,772
Small site;3,974
Small site;4,094
Small site;4,203
Small site;4,189
Small site;4,088
Small site;4,827
Small site;4,942
Small site;4,992
Small site;4,671
Small site;2,773
Small site;2,758
Small site;2,701
Small site;2,701
Small site;2,744
Small site;2,106
Small site;1,922
Small site;2,031
Small site;2,627
Small site;1,899
Small site;0,91
Small site;2,583
Small site;1,934
Small site;2,107
Small site;3,991
Small site;4,88
Small site;4,848
Small site;4,961
Small site;3,815
Small site;1,416
Small site;2,377
Small site;1,847
Small site;2,278
Small site;2,998
Small site;0,234
Small site;4,959
Small site;4,782
Small site;3,808
Small site;4,63
Small site;4,817
Small site;2,818
Small site;2,799
Small site;2,755
Small site;2,814
Small site;2,72
Small site;2,556
Small site;2,671
Small site;2,577
Small site;2,617
Small site;2,454
Small site;2,474
Small site;2,502
Small site;2,927
Small site;2,353
Small site;2,262
Small site;2,262
Small site;2,153
Small site;2,181
Small site;3,557
Small site;2,314
Small site;3,407
Small site;2,558
Small site;2,646
Small site;1,833
Small site;2,652
Small site;2,913
Small site;2,471
Small site;1,836
Small site;3,06
Small site;2,919
Small site;1,251
Small site;1,307
Small site;1,061
Small site;0,593
Small site;1,131
Small site;1,221
Small site;1,282
Small site;2,421
Small site;3,795
Small site;2,811
Small site;2,858
Small site;2,064
Small site;1,483
Small site;1,559
Small site;1,683
Small site;1,188
Small site;2,91
Small site;2,918
Small site;2,751
Small site;2,408
Small site;1,511
Small site;2,149
Small site;2,511
Small site;2,767
Small site;2,325
Small site;2,534
Small site;2,463
Small site;3,173
Small site;2,297
Small site;2,661
Small site;2,081
Small site;2,915
Small site;2,121
Small site;2,523
Small site;2,585
Small site;2,379
Small site;2,588
Small site;2,834
Small site;3,303
Small site;3,189
Small site;3,753
Small site;3,828
Small site;1,245
Small site;2,014
Small site;4,715
Small site;3,211
Small site;3,074
Small site;3,381
Small site;3,396
Small site;3,584
Small site;3,666
Small site;3,641
Small site;3,706
Small site;3,848
Small site;3,841
Small site;3,954
Small site;3,926
Small site;3,8
Small site;4,514
Small site;4,661
Small site;4,677
Small site;4,763
Small site;4,712
Small site;4,808
Small site;4,233
Small site;4,772
Small site;2,785
Small site;2,682
Small site;2,669
Small site;2,646
Small site;2,375
Small site;2,228
Small site;2,451
Small site;3,157
Small site;2,43
Small site;1,172
Small site;2,595
Small site;2,327
Small site;2,65
Small site;3,734
Small site;4,586
Small site;4,546
Small site;4,664
Small site;4,891
Small site;2,535
Small site;2,607
Small site;2,763
Small site;2,875
Small site;4,64
Small site;4,721
Small site;4,462
Small site;3,626
Small site;4,024
Small site;3,65
Small site;3,705
Small site;2,936
Small site;2,926
Small site;4,393
Small site;4,758
Small site;4,383
Small site;3,021
Small site;2,97
Small site;2,693
Small site;2,725
Small site;2,763
Small site;2,772
Small site;2,754
Small site;2,827
Small site;4,135
Small site;4,064
Small site;4,059
Small site;3,917
Small site;3,751
Small site;3,494
Small site;3,363
Small site;3,402
Small site;3,438
Small site;3,573
Small site;3,683
Small site;3,615
Small site;3,42
Small site;3,962
Small site;4,208
Small site;4,106
Small site;4,201
Small site;4,09
Small site;4,107
Small site;3,576
Small site;3,891
Small site;4,031
Small site;3,238
Small site;4,288
Small site;3,538
Small site;3,467
Small site;4,095
Small site;4,03
Small site;4,154
Small site;4,434
Small site;3,458
Small site;2,744
Small site;3,665
Small site;2,83
Small site;3,573
Small site;4,828
Small site;4,91
Small site;4,648
Small site;3,703
Small site;4,396
Small site;4,42
Small site;2,964
Small site;2,896
Small site;2,859
Small site;3,04
Small site;2,962
Small site;2,694
Small site;2,955
Small site;2,828
Small site;2,902
Small site;2,527
Small site;3,444
Small site;2,382
Small site;2,843
Small site;3,379
Small site;2,255
Small site;2,534
Small site;2,631
Small site;2,035
Small site;2,552
Small site;4,097
Small site;2,733
Small site;3,945
Small site;3,057
Small site;3,154
Small site;2,198
Small site;3,183
Small site;3,461
Small site;2,995
Small site;2,312
Small site;3,635
Small site;3,492
Small site;2,964
Small site;3,46
Small site;2,526
Small site;2,608
Small site;1,949
Small site;1,659
Small site;1,747
Small site;1,869
Small site;3,165
Small site;3,193
Small site;3,035
Small site;2,76
Small site;2,565
Small site;2,879
Small site;2,769
Small site;2,962
Small site;2,91
Small site;3,573
Small site;2,805
Small site;3,118
Small site;3,36
Small site;3,044
Small site;3,101
Small site;2,931
Small site;3,16
Small site;3,405
Small site;3,865
Small site;3,775
Small site;4,288
Small site;4,365
Small site;4,562
Small site;4,925
Small site;4,575
Small site;3,076
Small site;3,068
Small site;2,877
Small site;3,118
Small site;3,123
Small site;3,279
Small site;4,176
Small site;3,561
Small site;3,383
Small site;3,498
Small site;3,556
Small site;3,665
Small site;3,706
Small site;3,821
Small site;3,779
Small site;3,626
Small site;4,296
Small site;4,479
Small site;4,456
Small site;4,546
Small site;4,474
Small site;4,545
Small site;4,639
Small site;4,813
Small site;3,866
Small site;4,582
Small site;2,961
Small site;2,778
Small site;2,807
Small site;2,721
Small site;2,781
Small site;2,666
Small site;2,958
Small site;3,725
Small site;2,779
Small site;2,82
Small site;3,229
Small site;3,598
Small site;4,39
Small site;4,341
Small site;4,463
Small site;4,711
Small site;2,919
Small site;3,845
Small site;3,064
Small site;3,815
Small site;4,795
Small site;4,877
Small site;4,615
Small site;3,688
Small site;4,32
Small site;3,177
Small site;3,057
Small site;2,971
Small site;2,938
Small site;3,163
Small site;3,092
Small site;2,787
Small site;3,1
Small site;2,962
Small site;3,047
Small site;2,598
Small site;3,638
Small site;2,388
Small site;3,009
Small site;3,579
Small site;2,679
Small site;2,808
Small site;2,73
Small site;4,326
Small site;2,925
Small site;4,173
Small site;3,274
Small site;3,374
Small site;3,411
Small site;3,694
Small site;3,22
Small site;2,525
Small site;3,876
Small site;3,732
Small site;1,967
Small site;2,03
Small site;2,071
Small site;3,195
Small site;3,298
Small site;3,333
Small site;3,179
Small site;2,931
Small site;2,758
Small site;3,054
Small site;2,969
Small site;3,157
Small site;3,111
Small site;3,755
Small site;3,025
Small site;3,322
Small site;2,877
Small site;3,558
Small site;3,268
Small site;3,324
Small site;3,166
Small site;3,4
Small site;3,645
Small site;4,101
Small site;4,02
Small site;4,515
Small site;4,592
Small site;4,532
Small site;4,897
Small site;4,54
Small site;3,06
Small site;3,042
Small site;2,83
Small site;2,916
Small site;4,227
Small site;4,124
Small site;3,977
Small site;3,547
Small site;3,468
Small site;3,522
Small site;3,616
Small site;3,679
Small site;3,793
Small site;3,745
Small site;3,582
Small site;4,228
Small site;4,426
Small site;4,385
Small site;4,477
Small site;4,396
Small site;4,456
Small site;4,524
Small site;3,687
Small site;3,066
Small site;2,854
Small site;2,899
Small site;2,79
Small site;2,969
Small site;2,865
Small site;3,179
Small site;3,964
Small site;3,244
Small site;2,889
Small site;3,036
Small site;3,471
Small site;3,57
Small site;4,331
Small site;4,278
Small site;4,401
Small site;4,658
Small site;2,108
Small site;2,146
Small site;3,265
Small site;4,457
Small site;4,647
Small site;4,671
Small site;4,735
Small site;4,773
Small site;1,402
Small site;2,278
Small site;1,13
Small site;1,574
Small site;2,116
Small site;4,451
Small site;3,342
Small site;3,129
Small site;3,196
Small site;3,146
Small site;2,975
Small site;2,912
Small site;2,727
Small site;2,715
Small site;2,678
Small site;2,928
Small site;2,449
Small site;2,523
Small site;3,079
Small site;2,403
Small site;4,593
Small site;2,179
Small site;2,923
Small site;2,106
Small site;2,806
Small site;2,087
Small site;2,673
Small site;2,038
Small site;2,086
Small site;1,85
Small site;1,997
Small site;2,164
Small site;1,868
Small site;1,53
Small site;2,177
Small site;2,058
Small site;1,605
Small site;1,39
Small site;1,474
Small site;2,44
Small site;0,612
Small site;0,426
Small site;0,353
Small site;1,131
Small site;1,967
Small site;0,465
Small site;4,73
Small site;3,721
Small site;3,729
Small site;2,84
Small site;1,974
Small site;2,01
Small site;2,105
Small site;1,365
Small site;2,999
Small site;2,964
Small site;2,795
Small site;2,341
Small site;1,144
Small site;1,96
Small site;2,389
Small site;2,635
Small site;2,023
Small site;2,247
Small site;2,128
Small site;2,894
Small site;1,782
Small site;2,269
Small site;1,368
Small site;2,531
Small site;2,585
Small site;1,278
Small site;1,927
Small site;1,995
Small site;1,66
Small site;1,75
Small site;1,982
Small site;2,473
Small site;2,237
Small site;3,012
Small site;3,08
Small site;1,027
Small site;1,192
Small site;1,053
Small site;1,099
Small site;1,155
Small site;3,873
Small site;4,244
Small site;4,271
Small site;4,415
Small site;4,524
Small site;4,63
Small site;4,624
Small site;4,539
Small site;3,044
Small site;3,094
Small site;2,96
Small site;3,009
Small site;3,097
Small site;2,174
Small site;1,96
Small site;1,913
Small site;2,302
Small site;1,599
Small site;1,139
Small site;0,388
Small site;2,862
Small site;1,77
Small site;4,424
Small site;1,586
Small site;2,338
Small site;1,013
Small site;1,399
Small site;1,799
Small site;0,21
Small site;4,715
Small site;3,526
Small site;3,304
Small site;3,4
Small site;3,348
Small site;3,1
Small site;3,11
Small site;2,823
Small site;2,843
Small site;2,778
Small site;3,165
Small site;2,517
Small site;2,435
Small site;3,393
Small site;2,548
Small site;4,995
Small site;2,252
Small site;3,254
Small site;2,189
Small site;2,538
Small site;2,107
Small site;2,418
Small site;1,924
Small site;1,948
Small site;1,99
Small site;1,815
Small site;1,92
Small site;1,723
Small site;1,573
Small site;1,857
Small site;1,915
Small site;1,805
Small site;0,969
Small site;1,043
Small site;0,643
Small site;0,065
Small site;0,225
Small site;0,442
Small site;4,084
Small site;4,079
Small site;3,174
Small site;2,26
Small site;2,282
Small site;2,362
Small site;3,096
Small site;3,047
Small site;2,884
Small site;2,41
Small site;1,227
Small site;2,007
Small site;2,432
Small site;2,661
Small site;2,015
Small site;2,229
Small site;2,096
Small site;1,693
Small site;2,202
Small site;1,212
Small site;2,453
Small site;2,49
Small site;1,045
Small site;1,781
Small site;1,849
Small site;1,468
Small site;1,478
Small site;1,688
Small site;2,174
Small site;1,876
Small site;2,744
Small site;2,807
Small site;1,399
Small site;0,894
Small site;0,231
Small site;0,9
Small site;0,929
Small site;4,198
Small site;4,587
Small site;4,618
Small site;4,802
Small site;4,905
Small site;3,204
Small site;3,306
Small site;3,112
Small site;3,199
Small site;3,321
Small site;1,973
Small site;1,8
Small site;1,994
Small site;1,342
Small site;1,364
Small site;0,408
Small site;3,03
Small site;1,47
Small site;1,615
Small site;2,384
Small site;1,461
Small site;1,864
Small site;0,241
Small site;4,738
Small site;3,559
Small site;3,339
Small site;3,43
Small site;3,379
Small site;3,14
Small site;3,141
Small site;2,866
Small site;2,882
Small site;2,821
Small site;3,191
Small site;2,563
Small site;2,494
Small site;3,406
Small site;2,585
Small site;2,297
Small site;3,263
Small site;2,233
Small site;2,603
Small site;2,157
Small site;2,483
Small site;1,983
Small site;2,009
Small site;2,027
Small site;1,878
Small site;1,985
Small site;1,784
Small site;1,619
Small site;1,921
Small site;1,927
Small site;1,01
Small site;0,656
Small site;0,065
Small site;0,161
Small site;0,414
Small site;4,087
Small site;4,085
Small site;3,183
Small site;2,276
Small site;2,301
Small site;2,383
Small site;3,14
Small site;3,092
Small site;2,928
Small site;2,455
Small site;1,267
Small site;2,054
Small site;2,48
Small site;2,711
Small site;2,067
Small site;2,282
Small site;2,15
Small site;2,902
Small site;1,75
Small site;2,259
Small site;1,273
Small site;2,511
Small site;2,549
Small site;1,842
Small site;1,91
Small site;1,531
Small site;1,543
Small site;1,753
Small site;2,239
Small site;1,938
Small site;2,809
Small site;2,872
Small site;1,425
Small site;0,242
Small site;4,209
Small site;4,595
Small site;4,624
Small site;4,822
Small site;4,925
Small site;4,925
Small site;4,852
Small site;3,24
Small site;3,335
Small site;3,149
Small site;3,231
Small site;3,348
Small site;2,023
Small site;1,86
Small site;2,059
Small site;1,406
Small site;1,387
Small site;3,065
Small site;1,535
Small site;4,725
Small site;4,337
Small site;4,368
Small site;4,447
Small site;4,497
Small site;1,477
Small site;2,431
Small site;1,484
Small site;1,938
Small site;2,546
Small site;4,331
Small site;3,335
Small site;3,137
Small site;3,17
Small site;3,121
Small site;3,041
Small site;4,746
Small site;2,898
Small site;2,83
Small site;2,785
Small site;2,778
Small site;2,865
Small site;3,021
Small site;2,589
Small site;2,799
Small site;2,908
Small site;2,464
Small site;2,323
Small site;2,731
Small site;2,245
Small site;3,203
Small site;2,285
Small site;3,064
Small site;2,346
Small site;2,41
Small site;1,941
Small site;2,353
Small site;2,554
Small site;2,203
Small site;1,737
Small site;2,607
Small site;2,482
Small site;1,157
Small site;2,064
Small site;0,596
Small site;0,726
Small site;0,465
Small site;0,501
Small site;0,556
Small site;1,695
Small site;4,467
Small site;3,467
Small site;3,495
Small site;2,644
Small site;1,876
Small site;1,931
Small site;2,041
Small site;3,094
Small site;3,076
Small site;2,904
Small site;2,483
Small site;1,35
Small site;2,139
Small site;2,554
Small site;2,81
Small site;2,248
Small site;2,473
Small site;2,369
Small site;3,13
Small site;2,082
Small site;2,536
Small site;1,73
Small site;2,8
Small site;2,866
Small site;1,684
Small site;2,261
Small site;2,328
Small site;2,032
Small site;2,163
Small site;2,402
Small site;2,891
Small site;2,685
Small site;3,408
Small site;3,478
Small site;1,262
Small site;0,516
Small site;3,775
Small site;3,676
Small site;3,819
Small site;4,017
Small site;4,038
Small site;4,242
Small site;4,195
Small site;4,264
Small site;4,428
Small site;4,386
Small site;4,496
Small site;4,48
Small site;4,375
Small site;4,918
Small site;3,072
Small site;3,06
Small site;2,999
Small site;3,003
Small site;3,046
Small site;2,365
Small site;2,17
Small site;2,226
Small site;2,726
Small site;2,007
Small site;1,193
Small site;2,883
Small site;2,146
Small site;2,196
Small site;4,282
Small site;4,795
Small site;4,822
Small site;4,892
Small site;4,934
Small site;1,615
Small site;2,487
Small site;1,734
Small site;2,223
Small site;1,121
Small site;4,651
Small site;3,553
Small site;3,341
Small site;3,406
Small site;3,356
Small site;3,188
Small site;3,122
Small site;2,939
Small site;2,928
Small site;2,89
Small site;3,134
Small site;3,373
Small site;2,66
Small site;2,711
Small site;3,268
Small site;2,616
Small site;4,735
Small site;2,39
Small site;3,106
Small site;2,318
Small site;2,938
Small site;2,292
Small site;2,81
Small site;2,218
Small site;2,26
Small site;2,063
Small site;2,158
Small site;2,304
Small site;2,039
Small site;1,736
Small site;2,364
Small site;2,282
Small site;2,172
Small site;1,8
Small site;1,599
Small site;1,664
Small site;2,552
Small site;1,221
Small site;2,03
Small site;2,108
Small site;0,501
Small site;4,896
Small site;3,889
Small site;3,903
Small site;3,022
Small site;2,173
Small site;2,212
Small site;2,309
Small site;1,573
Small site;3,211
Small site;3,176
Small site;3,007
Small site;2,551
Small site;2,168
Small site;2,597
Small site;2,842
Small site;2,224
Small site;2,447
Small site;2,325
Small site;3,091
Small site;1,967
Small site;2,461
Small site;1,532
Small site;2,721
Small site;2,772
Small site;1,415
Small site;2,098
Small site;2,167
Small site;1,816
Small site;1,876
Small site;2,1
Small site;2,59
Small site;2,318
Small site;3,144
Small site;3,21
Small site;1,113
Small site;1,514
Small site;1,405
Small site;4,128
Small site;4,057
Small site;4,21
Small site;4,421
Small site;4,446
Small site;4,661
Small site;4,61
Small site;4,721
Small site;4,828
Small site;4,82
Small site;4,731
Small site;3,257
Small site;3,304
Small site;3,173
Small site;3,221
Small site;3,304
Small site;2,38
Small site;2,164
Small site;2,093
Small site;2,414
Small site;1,73
Small site;1,351
Small site;0,466
Small site;3,074
Small site;1,883
Small site;4,621
Small site;1,723
Small site;2,521
Small site;1,226
Small site;1,622
Small site;2,016
Small site;0,341
Small site;4,824
Small site;3,67
Small site;3,452
Small site;3,536
Small site;3,485
Small site;3,265
Small site;3,247
Small site;2,997
Small site;3,006
Small site;2,951
Small site;3,286
Small site;2,699
Small site;2,65
Small site;3,472
Small site;2,705
Small site;2,431
Small site;3,322
Small site;2,365
Small site;2,761
Small site;2,3
Small site;2,642
Small site;2,141
Small site;2,168
Small site;2,147
Small site;2,039
Small site;2,145
Small site;1,944
Small site;1,757
Small site;2,073
Small site;1,742
Small site;1,139
Small site;1,26
Small site;0,742
Small site;0,225
Small site;0,161
Small site;0,473
Small site;0,355
Small site;0,948
Small site;4,13
Small site;4,134
Small site;3,24
Small site;2,353
Small site;2,383
Small site;2,471
Small site;1,725
Small site;3,271
Small site;3,226
Small site;3,06
Small site;2,591
Small site;2,193
Small site;2,62
Small site;2,854
Small site;2,214
Small site;2,431
Small site;2,301
Small site;3,055
Small site;1,906
Small site;2,413
Small site;1,432
Small site;2,667
Small site;2,706
Small site;1,27
Small site;2,002
Small site;2,07
Small site;1,692
Small site;1,701
Small site;1,909
Small site;2,394
Small site;2,081
Small site;2,967
Small site;3,029
Small site;1,525
Small site;1,112
Small site;0,249
Small site;0,424
Small site;1,123
Small site;1,154
Small site;0,738
Small site;4,271
Small site;4,429
Small site;4,648
Small site;4,676
Small site;4,8
Small site;4,904
Small site;5,006
Small site;4,927
Small site;3,357
Small site;3,438
Small site;3,268
Small site;3,34
Small site;3,448
Small site;2,167
Small site;2,017
Small site;2,213
Small site;1,566
Small site;1,481
Small site;3,18
Small site;1,691
Small site;0,53
Small site;4,806
Small site;2,028
Small site;2,712
Small site;1,632
Small site;1,831
Small site;3,953
Small site;3,728
Small site;3,834
Small site;3,783
Small site;3,501
Small site;3,544
Small site;3,211
Small site;3,247
Small site;3,169
Small site;3,613
Small site;2,893
Small site;2,702
Small site;3,859
Small site;2,963
Small site;2,635
Small site;3,721
Small site;2,578
Small site;2,611
Small site;2,462
Small site;2,511
Small site;2,185
Small site;2,41
Small site;2,016
Small site;2,047
Small site;1,965
Small site;1,956
Small site;1,88
Small site;1,388
Small site;0,473
Small site;4,552
Small site;4,547
Small site;3,642
Small site;2,723
Small site;2,742
Small site;2,819
Small site;3,482
Small site;3,425
Small site;3,267
Small site;2,788
Small site;1,642
Small site;2,38
Small site;2,795
Small site;3,009
Small site;2,353
Small site;2,555
Small site;2,416
Small site;1,982
Small site;2,491
Small site;2,069
Small site;1,478
Small site;2,727
Small site;2,749
Small site;2,019
Small site;2,082
Small site;1,679
Small site;1,594
Small site;1,761
Small site;2,215
Small site;1,827
Small site;2,812
Small site;2,865
Small site;1,851
Small site;0,403
Small site;4,665
Small site;3,62
Small site;3,744
Small site;3,525
Small site;3,629
Small site;3,764
Small site;2,325
Small site;2,066
Small site;2,03
Small site;1,489
Small site;3,452
Small site;1,548
Small site;4,881
Small site;4,909
Small site;4,983
Small site;2,614
Small site;1,839
Small site;2,299
Small site;4,768
Small site;3,678
Small site;3,467
Small site;3,53
Small site;3,48
Small site;3,315
Small site;3,247
Small site;3,066
Small site;3,055
Small site;3,018
Small site;3,256
Small site;3,485
Small site;2,786
Small site;2,827
Small site;3,379
Small site;2,743
Small site;4,816
Small site;2,516
Small site;3,214
Small site;2,445
Small site;3,026
Small site;2,417
Small site;2,901
Small site;2,331
Small site;2,371
Small site;2,191
Small site;2,262
Small site;2,398
Small site;2,149
Small site;1,861
Small site;2,464
Small site;2,358
Small site;2,252
Small site;2,619
Small site;1,282
Small site;2,071
Small site;2,146
Small site;0,556
Small site;0,757
Small site;1,139
Small site;4,992
Small site;3,987
Small site;4,004
Small site;3,129
Small site;2,291
Small site;2,332
Small site;2,43
Small site;3,339
Small site;3,303
Small site;3,134
Small site;2,678
Small site;2,294
Small site;2,723
Small site;2,967
Small site;2,347
Small site;2,57
Small site;2,447
Small site;3,211
Small site;2,083
Small site;2,579
Small site;2,177
Small site;2,839
Small site;2,888
Small site;2,207
Small site;2,276
Small site;1,918
Small site;1,964
Small site;2,182
Small site;2,671
Small site;2,381
Small site;3,233
Small site;3,297
Small site;1,174
Small site;4,24
Small site;4,165
Small site;4,315
Small site;4,524
Small site;4,548
Small site;4,76
Small site;4,724
Small site;4,836
Small site;4,944
Small site;4,935
Small site;4,843
Small site;3,384
Small site;3,427
Small site;3,3
Small site;3,346
Small site;3,427
Small site;2,505
Small site;2,288
Small site;2,207
Small site;2,493
Small site;1,821
Small site;0,542
Small site;3,2
Small site;1,965
Small site;4,735
Small site;2,027
Small site;2,765
Small site;1,745
Small site;2
Small site;3,967
Small site;3,746
Small site;3,841
Small site;3,79
Small site;3,537
Small site;3,551
Small site;3,256
Small site;3,281
Small site;3,212
Small site;3,605
Small site;2,946
Small site;2,808
Small site;3,815
Small site;2,988
Small site;2,683
Small site;3,669
Small site;2,622
Small site;2,774
Small site;2,526
Small site;2,669
Small site;2,29
Small site;2,3
Small site;2,431
Small site;2,143
Small site;2,196
Small site;2,077
Small site;2,002
Small site;2,051
Small site;2,336
Small site;2,065
Small site;2,217
Small site;1,408
Small site;1,263
Small site;1,069
Small site;0,442
Small site;0,414
Small site;0,355
Small site;4,482
Small site;4,485
Small site;3,588
Small site;2,689
Small site;2,714
Small site;2,797
Small site;3,529
Small site;3,477
Small site;3,315
Small site;2,839
Small site;1,666
Small site;2,434
Small site;2,855
Small site;3,078
Small site;2,425
Small site;2,634
Small site;2,498
Small site;3,233
Small site;2,076
Small site;2,587
Small site;2,165
Small site;1,578
Small site;2,83
Small site;2,858
Small site;2,133
Small site;2,198
Small site;1,8
Small site;1,742
Small site;1,921
Small site;2,384
Small site;2,01
Small site;2,977
Small site;3,033
Small site;1,838
Small site;0,192
Small site;0,76
Small site;4,617
Small site;4,776
Small site;4,998
Small site;3,644
Small site;3,747
Small site;3,552
Small site;3,64
Small site;3,761
Small site;2,39
Small site;2,17
Small site;2,199
Small site;1,628
Small site;1,801
Small site;3,471
Small site;1,705
Small site;2,427
Small site;3,582
Small site;3,33
Small site;3,282
Small site;3,051
Small site;3,178
Small site;3,06
Small site;2,547
Small site;2,579
Small site;2,564
Small site;2,483
Small site;2,389
Small site;0,967
Small site;3,603
Small site;3,565
Small site;3,397
Small site;3,219
Small site;2,812
Small site;2,685
Small site;3,447
Small site;2,809
Small site;3,066
Small site;3,109
Small site;2,413
Small site;2,482
Small site;2,807
Small site;2,477
Small site;3,383
Small site;3,445
Small site;0,149
Small site;2,625
Small site;2,595
Small site;3,269
Small site;2,138
Small site;2,19
Small site;2,332
Small site;4,52
Small site;4,296
Small site;4,402
Small site;4,351
Small site;4,065
Small site;4,284
Small site;4,111
Small site;3,771
Small site;3,812
Small site;3,73
Small site;4,179
Small site;4,505
Small site;3,45
Small site;3,208
Small site;4,407
Small site;3,53
Small site;3,195
Small site;4,263
Small site;3,14
Small site;2,977
Small site;3,013
Small site;2,897
Small site;2,693
Small site;2,681
Small site;2,978
Small site;2,493
Small site;2,473
Small site;2,468
Small site;2,518
Small site;3,551
Small site;2,231
Small site;2,928
Small site;2,646
Small site;2,811
Small site;1,956
Small site;3,758
Small site;1,658
Small site;1,635
Small site;2,421
Small site;3,195
Small site;3,265
Small site;1,695
Small site;0,948
Small site;1,139
Small site;0,967
Small site;4,182
Small site;3,277
Small site;3,3
Small site;3,38
Small site;2,637
Small site;4,042
Small site;3,981
Small site;3,825
Small site;3,346
Small site;2,21
Small site;2,938
Small site;3,347
Small site;3,554
Small site;2,898
Small site;3,093
Small site;2,953
Small site;3,653
Small site;2,51
Small site;3,012
Small site;2,593
Small site;2,004
Small site;3,237
Small site;3,25
Small site;2,519
Small site;2,578
Small site;2,171
Small site;2,031
Small site;2,157
Small site;2,566
Small site;2,113
Small site;3,168
Small site;3,213
Small site;2,313
Small site;2,632
Small site;2,414
Small site;0,838
Small site;4,187
Small site;4,312
Small site;4,092
Small site;4,197
Small site;4,331
Small site;2,876
Small site;2,58
Small site;2,384
Small site;1,951
Small site;2,382
Small site;4,02
Small site;1,96
Small site;1,639
Small site;1,47
Small site;1,617
Small site;1,304
Small site;1,1
Small site;1,119
Small site;1,59
Small site;0,587
Small site;2,056
Small site;2,213
Small site;2,493
Small site;4,277
Small site;0,893
Small site;4,76
Small site;4,614
Small site;4,309
Small site;1,751
Small site;4,683
Small site;4,535
Small site;2,197
Small site;1,234
Small site;2,285
Small site;2,127
Small site;3,334
Small site;4,339
Small site;2,016
Small site;1,871
Small site;3,655
Small site;1,928
Small site;1,974
Small site;3,453
Small site;2,026
Small site;3,209
Small site;2,526
Small site;3,721
Small site;4,084
Small site;4,087
Small site;3,467
Small site;3,889
Small site;4,13
Small site;4,552
Small site;3,987
Small site;4,482
Small site;4,457
Small site;4,745
Small site;4,933
Small site;4,881
Small site;4,955
Small site;1,737
Small site;1,413
Small site;1,317
Small site;1,208
Small site;1,543
Small site;1,368
Small site;1,2
Small site;1,027
Small site;0,808
Small site;0,92
Small site;1,898
Small site;0,61
Small site;2,487
Small site;2,81
Small site;3,495
Small site;3,775
Small site;4,329
Small site;4,215
Small site;3,872
Small site;4,692
Small site;1,353
Small site;2,811
Small site;4,027
Small site;4,348
Small site;4,397
Small site;4,471
Small site;4,384
Small site;1,652
Small site;1,801
Small site;1,489
Small site;1,284
Small site;1,284
Small site;1,737
Small site;2,093
Small site;2,25
Small site;2,521
Small site;2,84
Small site;4,268
Small site;1,396
Small site;2,149
Small site;2,082
Small site;1,992
Small site;3,632
Small site;2,049
Small site;2,101
Small site;3,449
Small site;2,173
Small site;3,228
Small site;2,858
Small site;2,608
Small site;3,729
Small site;4,079
Small site;4,085
Small site;3,495
Small site;3,903
Small site;4,134
Small site;4,547
Small site;4,004
Small site;4,485
Small site;1,903
Small site;1,594
Small site;1,498
Small site;1,385
Small site;1,727
Small site;1,552
Small site;1,385
Small site;1,209
Small site;0,991
Small site;1,096
Small site;2,051
Small site;3,496
Small site;4,327
Small site;4,201
Small site;0,543
Small site;1,537
Small site;4,016
Small site;4,33
Small site;4,382
Small site;4,46
Small site;2,055
Small site;1,824
Small site;1,356
Small site;1,557
Small site;1,459
Small site;1,279
Small site;0,926
Small site;1,296
Small site;1,446
Small site;1,685
Small site;1,095
Small site;2,007
Small site;3,36
Small site;0,841
Small site;0,709
Small site;1,263
Small site;1,411
Small site;1,371
Small site;1,306
Small site;2,382
Small site;1,392
Small site;2,717
Small site;1,64
Small site;1,724
Small site;2,547
Small site;1,937
Small site;2,363
Small site;1,949
Small site;2,84
Small site;3,174
Small site;3,183
Small site;2,644
Small site;3,022
Small site;3,24
Small site;3,642
Small site;3,129
Small site;3,588
Small site;4,182
Small site;2,009
Small site;1,869
Small site;1,875
Small site;1,558
Small site;1,858
Small site;2,599
Small site;3,425
Small site;3,29
Small site;1,864
Small site;3,107
Small site;3,416
Small site;3,47
Small site;3,55
Small site;2,722
Small site;2,567
Small site;2,477
Small site;1,432
Small site;1,239
Small site;0,773
Small site;0,901
Small site;0,974
Small site;1,06
Small site;0,296
Small site;1,335
Small site;2,434
Small site;0,372
Small site;0,663
Small site;0,384
Small site;2,025
Small site;0,543
Small site;1,185
Small site;0,768
Small site;1,418
Small site;1,523
Small site;1,201
Small site;1,771
Small site;1,768
Small site;1,794
Small site;1,896
Small site;1,65
Small site;1,575
Small site;1,483
Small site;1,659
Small site;1,974
Small site;2,26
Small site;2,276
Small site;1,876
Small site;2,173
Small site;2,353
Small site;2,723
Small site;2,291
Small site;2,689
Small site;3,277
Small site;3,032
Small site;2,896
Small site;2,825
Small site;2,803
Small site;2,699
Small site;2,596
Small site;2,543
Small site;1,871
Small site;1,529
Small site;0,659
Small site;0,897
Small site;1,715
Small site;2,515
Small site;2,354
Small site;1,186
Small site;2,774
Small site;0,911
Small site;2,18
Small site;2,471
Small site;2,53
Small site;2,617
Small site;2,79
Small site;2,628
Small site;2,532
Small site;1,521
Small site;1,327
Small site;0,859
Small site;0,989
Small site;1,06
Small site;1,136
Small site;1,404
Small site;2,452
Small site;0,456
Small site;0,74
Small site;0,444
Small site;2,093
Small site;0,606
Small site;1,189
Small site;0,854
Small site;1,418
Small site;1,607
Small site;1,291
Small site;1,857
Small site;1,778
Small site;1,881
Small site;1,982
Small site;1,681
Small site;1,629
Small site;1,559
Small site;1,747
Small site;2,01
Small site;2,282
Small site;2,301
Small site;1,931
Small site;2,212
Small site;2,383
Small site;2,742
Small site;2,332
Small site;2,714
Small site;3,3
Small site;2,951
Small site;2,878
Small site;2,852
Small site;2,765
Small site;2,659
Small site;2,601
Small site;2,235
Small site;2,309
Small site;1,918
Small site;1,601
Small site;0,701
Small site;0,902
Small site;1,749
Small site;2,538
Small site;2,368
Small site;2,831
Small site;0,923
Small site;2,198
Small site;2,48
Small site;2,543
Small site;2,632
Small site;2,847
Small site;2,673
Small site;2,569
Small site;1,629
Small site;1,433
Small site;0,959
Small site;1,11
Small site;1,184
Small site;1,26
Small site;1,526
Small site;2,527
Small site;2,744
Small site;0,557
Small site;0,821
Small site;0,562
Small site;2,153
Small site;0,726
Small site;0,977
Small site;1,701
Small site;1,405
Small site;1,954
Small site;1,846
Small site;1,981
Small site;2,082
Small site;1,77
Small site;1,739
Small site;1,683
Small site;1,869
Small site;2,105
Small site;2,362
Small site;2,383
Small site;2,041
Small site;2,309
Small site;2,471
Small site;2,819
Small site;2,43
Small site;2,797
Small site;3,38
Small site;3,04
Small site;3,117
Small site;2,987
Small site;2,912
Small site;2,818
Small site;2,707
Small site;2,641
Small site;2,397
Small site;1,724
Small site;0,806
Small site;1,841
Small site;2,619
Small site;2,439
Small site;2,869
Small site;2,274
Small site;2,546
Small site;2,611
Small site;1,977
Small site;2,704
Small site;1,149
Small site;2,454
Small site;1,622
Small site;2,015
Small site;0,765
Small site;2,292
Small site;0,374
Small site;0,066
Small site;0,381
Small site;1,792
Small site;1,026
Small site;1,056
Small site;1,188
Small site;1,365
Small site;1,573
Small site;1,725
Small site;2,053
Small site;2,637
Small site;0,981
Small site;1,378
Small site;1,328
Small site;1,998
Small site;1,539
Small site;1,527
Small site;2,054
Small site;2,45
Small site;2,501
Small site;0,208
Small site;1,099
Small site;1,082
Small site;2,345
Small site;0,264
Small site;0,91
Small site;3,977
Small site;3,897
Small site;3,675
Small site;3,532
Small site;3,188
Small site;3,279
Small site;2,824
Small site;2,628
Small site;2,29
Small site;2,343
Small site;2,352
Small site;2,551
Small site;2,982
Small site;0,947
Small site;1,07
Small site;1,07
Small site;1,015
Small site;1,105
Small site;0,835
Small site;2,126
Small site;1,376
Small site;1,468
Small site;1,984
Small site;1,577
Small site;1,313
Small site;2,305
Small site;3,227
Small site;1,803
Small site;2,139
Small site;1,921
Small site;2,882
Small site;2,598
Small site;3,14
Small site;2,312
Small site;3,169
Small site;3,27
Small site;2,369
Small site;2,445
Small site;3,571
Small site;2,618
Small site;2,751
Small site;3,035
Small site;3,179
Small site;2,795
Small site;2,884
Small site;2,928
Small site;2,904
Small site;3,007
Small site;3,06
Small site;3,267
Small site;3,134
Small site;3,315
Small site;3,397
Small site;3,825
Small site;0,217
Small site;0,888
Small site;0,875
Small site;1,418
Small site;1,367
Small site;1,052
Small site;1,557
Small site;2,251
Small site;2,36
Small site;2,711
Small site;2,331
Small site;2,398
Small site;3,933
Small site;3,855
Small site;3,719
Small site;3,618
Small site;3,561
Small site;3,414
Small site;2,764
Small site;1,643
Small site;2,536
Small site;3,123
Small site;2,864
Small site;2,692
Small site;0,564
Small site;0,948
Small site;0,747
Small site;0,966
Small site;2,374
Small site;3,833
Small site;1,711
Small site;2,763
Small site;2,91
Small site;2,996
Small site;2,814
Small site;3,111
Small site;1,304
Small site;2,534
Small site;0,082
Small site;2,077
Small site;2,034
Small site;2,194
Small site;2,505
Small site;0,575
Small site;0,837
Small site;1,353
Small site;2,985
Small site;1,84
Small site;3,007
Small site;3,109
Small site;1,915
Small site;1,995
Small site;3,432
Small site;2,208
Small site;2,408
Small site;2,76
Small site;2,341
Small site;2,41
Small site;2,455
Small site;2,483
Small site;2,551
Small site;2,591
Small site;2,788
Small site;2,678
Small site;2,839
Small site;3,346
Small site;0,408
Small site;0,141
Small site;2,408
Small site;1,415
Small site;1,227
Small site;2,087
Small site;2,647
Small site;2,386
Small site;0,295
Small site;1,299
Small site;2,288
Small site;2,43
Small site;2,517
Small site;2,389
Small site;2,631
Small site;2,063
Small site;0,136
Small site;3,327
Small site;2,764
Small site;2,579
Small site;2,18
Small site;2,199
Small site;2,146
Small site;2,293
Small site;2,516
Small site;0,684
Small site;0,865
Small site;1,409
Small site;2,007
Small site;2,876
Small site;2,51
Small site;3,121
Small site;1,866
Small site;3,142
Small site;3,244
Small site;1,965
Small site;2,047
Small site;3,569
Small site;2,286
Small site;2,511
Small site;2,879
Small site;2,389
Small site;2,432
Small site;2,48
Small site;2,554
Small site;2,597
Small site;2,62
Small site;2,795
Small site;2,723
Small site;2,855
Small site;3,347
Small site;0,141
Small site;3,582
Small site;2,506
Small site;1,523
Small site;1,308
Small site;2,14
Small site;2,664
Small site;2,395
Small site;0,244
Small site;1,382
Small site;2,307
Small site;2,429
Small site;2,518
Small site;2,457
Small site;2,634
Small site;2,091
Small site;4,163
Small site;4,002
Small site;3,902
Small site;2,75
Small site;2,581
Small site;2,167
Small site;2,139
Small site;2,125
Small site;2,01
Small site;2,096
Small site;2,081
Small site;1,748
Small site;0,899
Small site;0,667
Small site;0,513
Small site;1,459
Small site;1,12
Small site;3,466
Small site;1,542
Small site;1,954
Small site;2,91
Small site;2,478
Small site;3,136
Small site;1,461
Small site;3,149
Small site;3,249
Small site;1,609
Small site;1,698
Small site;3,589
Small site;2,006
Small site;2,325
Small site;2,769
Small site;2,969
Small site;2,023
Small site;2,015
Small site;2,067
Small site;2,248
Small site;2,224
Small site;2,214
Small site;2,353
Small site;2,347
Small site;2,425
Small site;2,898
Small site;1,186
Small site;0,407
Small site;4,791
Small site;4,32
Small site;4,245
Small site;4,21
Small site;4,139
Small site;4,033
Small site;3,973
Small site;3,702
Small site;3,598
Small site;3,624
Small site;2,302
Small site;1,393
Small site;1,081
Small site;1,792
Small site;2,236
Small site;1,957
Small site;4,202
Small site;1,154
Small site;1,886
Small site;1,98
Small site;2,071
Small site;2,146
Small site;2,188
Small site;0,334
Small site;1,687
Small site;4,82
Small site;4,708
Small site;4,503
Small site;3,996
Small site;4,029
Small site;3,473
Small site;3,289
Small site;2,834
Small site;2,886
Small site;2,9
Small site;2,828
Small site;2,948
Small site;1,942
Small site;0,304
Small site;0,795
Small site;1,222
Small site;1,377
Small site;4,024
Small site;2,314
Small site;2,711
Small site;3,584
Small site;3,218
Small site;3,83
Small site;3,851
Small site;3,953
Small site;2,486
Small site;2,576
Small site;4,277
Small site;2,885
Small site;3,173
Small site;3,573
Small site;3,755
Small site;2,894
Small site;2,902
Small site;3,13
Small site;3,091
Small site;3,055
Small site;3,211
Small site;3,233
Small site;3,447
Small site;3,653
Small site;1,998
Small site;0,875
Small site;0,508
Small site;4,779
Small site;4,694
Small site;4,671
Small site;4,544
Small site;4,454
Small site;4,288
Small site;3,159
Small site;2,203
Small site;2,67
Small site;3,048
Small site;0,799
Small site;4,673
Small site;3,027
Small site;4,394
Small site;4,259
Small site;4,176
Small site;2,876
Small site;2,727
Small site;2,358
Small site;2,261
Small site;2,216
Small site;2,047
Small site;2,064
Small site;1,728
Small site;2,225
Small site;2,177
Small site;1,385
Small site;1,496
Small site;2,155
Small site;1,049
Small site;0,746
Small site;1,317
Small site;4,668
Small site;1,17
Small site;0,35
Small site;0,957
Small site;0,76
Small site;0,23
Small site;2,329
Small site;0,982
Small site;1,623
Small site;3,698
Small site;1,665
Small site;2,073
Small site;3,074
Small site;1,063
Small site;2,596
Small site;3,28
Small site;1,18
Small site;3,285
Small site;3,383
Small site;1,402
Small site;1,496
Small site;3,731
Small site;1,882
Small site;2,297
Small site;2,805
Small site;3,025
Small site;1,782
Small site;1,693
Small site;1,75
Small site;2,082
Small site;1,967
Small site;1,906
Small site;1,982
Small site;2,083
Small site;2,076
Small site;2,51
Small site;1,631
Small site;1,548
Small site;1,418
Small site;0,596
Small site;0,258
Small site;0,303
Small site;0,432
Small site;0,758
Small site;0,908
Small site;1,202
Small site;1,389
Small site;4,595
Small site;4,524
Small site;4,502
Small site;4,377
Small site;4,285
Small site;4,24
Small site;3,884
Small site;3,784
Small site;3,569
Small site;2,254
Small site;1,586
Small site;1,891
Small site;1,601
Small site;1,904
Small site;2,173
Small site;2,235
Small site;1,133
Small site;4,471
Small site;1,561
Small site;1,6
Small site;1,693
Small site;1,976
Small site;1,812
Small site;1,397
Small site;4,504
Small site;4,336
Small site;4,229
Small site;3,799
Small site;3,75
Small site;3,106
Small site;2,937
Small site;2,519
Small site;2,495
Small site;2,479
Small site;2,358
Small site;2,43
Small site;2,239
Small site;1,974
Small site;1,931
Small site;2,028
Small site;1,987
Small site;1,144
Small site;1,118
Small site;0,339
Small site;0,408
Small site;1,014
Small site;0,828
Small site;2,444
Small site;1,815
Small site;1,473
Small site;3,807
Small site;1,898
Small site;1,396
Small site;2,31
Small site;1,376
Small site;3,264
Small site;2,834
Small site;3,491
Small site;1,678
Small site;3,504
Small site;3,605
Small site;1,872
Small site;1,964
Small site;3,945
Small site;2,31
Small site;2,661
Small site;3,118
Small site;3,322
Small site;2,269
Small site;2,202
Small site;2,259
Small site;2,536
Small site;2,461
Small site;2,413
Small site;2,491
Small site;2,579
Small site;2,587
Small site;2,809
Small site;3,012
Small site;1,539
Small site;0,247
Small site;0,422
Small site;1,304
Small site;4,647
Small site;4,569
Small site;4,53
Small site;4,478
Small site;4,369
Small site;4,303
Small site;4,032
Small site;3,921
Small site;3,978
Small site;3,595
Small site;2,633
Small site;1,745
Small site;1,419
Small site;2,056
Small site;2,403
Small site;2,112
Small site;1,866
Small site;1,946
Small site;2,025
Small site;1,308
Small site;4,531
Small site;1,49
Small site;2,07
Small site;2,108
Small site;2,201
Small site;2,431
Small site;2,32
Small site;0,412
Small site;1,899
Small site;0,246
Small site;2,812
Small site;2,689
Small site;2,215
Small site;2,136
Small site;1,914
Small site;1,853
Small site;1,23
Small site;2,408
Small site;1,666
Small site;1,658
Small site;0,643
Small site;3,049
Small site;0,617
Small site;2,531
Small site;0,757
Small site;1,042
Small site;1,135
Small site;2,081
Small site;1,368
Small site;1,212
Small site;1,273
Small site;1,73
Small site;1,532
Small site;1,432
Small site;1,478
Small site;1,578
Small site;0,669
Small site;0,268
Small site;2,018
Small site;1,047
Small site;1,214
Small site;0,323
Small site;1,102
Small site;0,319
Small site;0,322
Small site;1,08
Small site;1,095
Small site;1,188
Small site;1,623
Small site;1,307
Small site;0,951
Small site;4,652
Small site;4,517
Small site;4,432
Small site;3,13
Small site;2,982
Small site;2,617
Small site;2,515
Small site;2,467
Small site;2,289
Small site;2,022
Small site;2,29
Small site;1,787
Small site;2,412
Small site;2,366
Small site;1,535
Small site;1,668
Small site;2,369
Small site;1,206
Small site;1,522
Small site;4,915
Small site;0,914
Small site;4,076
Small site;2,587
Small site;1,881
Small site;3,957
Small site;1,921
Small site;1,216
Small site;2,327
Small site;1,11
Small site;3,331
Small site;2,849
Small site;3,535
Small site;1,315
Small site;3,539
Small site;3,636
Small site;1,572
Small site;1,667
Small site;3,985
Small site;2,08
Small site;2,523
Small site;3,044
Small site;3,268
Small site;1,927
Small site;1,781
Small site;1,842
Small site;2,261
Small site;2,098
Small site;2,002
Small site;2,019
Small site;2,207
Small site;2,133
Small site;2,413
Small site;2,519
Small site;1,762
Small site;1,669
Small site;1,557
Small site;0,704
Small site;0,576
Small site;0,258
Small site;0,23
Small site;0,069
Small site;0,949
Small site;4,851
Small site;4,78
Small site;4,757
Small site;4,636
Small site;4,543
Small site;4,497
Small site;4,139
Small site;4,04
Small site;3,822
Small site;2,474
Small site;1,73
Small site;1,752
Small site;1,956
Small site;1,659
Small site;1,387
Small site;2,074
Small site;2,369
Small site;2,436
Small site;0,139
Small site;0,892
Small site;4,728
Small site;1,404
Small site;1,649
Small site;1,633
Small site;1,726
Small site;2,154
Small site;1,844
Small site;1,518
Small site;4,691
Small site;4,552
Small site;4,464
Small site;3,675
Small site;3,18
Small site;3,03
Small site;2,658
Small site;2,564
Small site;2,519
Small site;2,345
Small site;2,062
Small site;2,351
Small site;1,853
Small site;2,406
Small site;2,36
Small site;2,373
Small site;1,524
Small site;4,938
Small site;1,23
Small site;0,49
Small site;2,624
Small site;0,773
Small site;1,924
Small site;3,995
Small site;1,969
Small site;1,277
Small site;2,376
Small site;1,176
Small site;3,377
Small site;2,899
Small site;3,583
Small site;1,384
Small site;3,588
Small site;3,686
Small site;1,64
Small site;1,735
Small site;4,035
Small site;2,146
Small site;2,585
Small site;3,101
Small site;3,324
Small site;1,995
Small site;1,849
Small site;1,91
Small site;2,328
Small site;2,167
Small site;2,07
Small site;2,082
Small site;2,276
Small site;2,198
Small site;2,482
Small site;2,578
Small site;0,303
Small site;0,256
Small site;0,715
Small site;0,925
Small site;1,183
Small site;4,883
Small site;4,812
Small site;4,786
Small site;4,673
Small site;4,579
Small site;4,53
Small site;4,169
Small site;4,087
Small site;3,851
Small site;2,537
Small site;1,781
Small site;1,82
Small site;2,022
Small site;1,725
Small site;1,45
Small site;2,062
Small site;2,365
Small site;2,435
Small site;0,881
Small site;4,761
Small site;1,717
Small site;1,696
Small site;1,79
Small site;2,221
Small site;1,908
Small site;1,587
Small site;4,67
Small site;4,557
Small site;4,487
Small site;3,728
Small site;3,081
Small site;2,95
Small site;2,476
Small site;2,406
Small site;2,196
Small site;2,15
Small site;1,457
Small site;0,302
Small site;2,626
Small site;1,892
Small site;3,981
Small site;1,903
Small site;1,102
Small site;2,29
Small site;0,939
Small site;3,307
Small site;0,659
Small site;2,799
Small site;3,493
Small site;1,053
Small site;3,585
Small site;1,346
Small site;1,438
Small site;1,886
Small site;2,379
Small site;2,931
Small site;3,166
Small site;1,66
Small site;1,468
Small site;1,531
Small site;2,032
Small site;1,816
Small site;1,692
Small site;1,679
Small site;1,918
Small site;1,8
Small site;2,171
Small site;1,527
Small site;0,926
Small site;0,432
Small site;4,905
Small site;4,839
Small site;4,827
Small site;4,659
Small site;4,578
Small site;4,546
Small site;4,207
Small site;4,005
Small site;3,9
Small site;2,318
Small site;1,695
Small site;1,296
Small site;1,516
Small site;0,608
Small site;1,33
Small site;0,572
Small site;4,778
Small site;1,342
Small site;1,338
Small site;1,293
Small site;1,386
Small site;1,926
Small site;1,503
Small site;1,236
Small site;1,389
Small site;0,316
Small site;4,725
Small site;4
Small site;3,886
Small site;3,412
Small site;3,325
Small site;3,085
Small site;2,976
Small site;1,751
Small site;3,588
Small site;3,542
Small site;3,603
Small site;3,33
Small site;2,697
Small site;2,84
Small site;3,541
Small site;2,375
Small site;2,697
Small site;1,244
Small site;1,175
Small site;3,612
Small site;0,288
Small site;2,872
Small site;2,457
Small site;4,953
Small site;2,865
Small site;2,018
Small site;3,233
Small site;1,809
Small site;4,248
Small site;0,858
Small site;3,721
Small site;4,415
Small site;1,735
Small site;4,408
Small site;4,497
Small site;2,07
Small site;2,146
Small site;2,628
Small site;3,189
Small site;3,775
Small site;4,02
Small site;2,237
Small site;1,876
Small site;1,938
Small site;2,685
Small site;2,318
Small site;2,081
Small site;1,827
Small site;2,381
Small site;2,01
Small site;2,113
Small site;4,933
Small site;3,032
Small site;2,906
Small site;2,806
Small site;2,711
Small site;1,876
Small site;1,862
Small site;1,389
Small site;1,399
Small site;1,079
Small site;1,183
Small site;4,929
Small site;4,897
Small site;3,11
Small site;2,651
Small site;2,254
Small site;2,197
Small site;1,35
Small site;1,905
Small site;1,657
Small site;1,258
Small site;1,177
Small site;1,35
Small site;4,839
Small site;3,244
Small site;3,546
Small site;3,613
Small site;2,289
Small site;1,781
Small site;1,527
Small site;1,595
Small site;2,589
Small site;1,677
Small site;3,146
Small site;1,822
Small site;4,801
Small site;4,378
Small site;4,227
Small site;3,846
Small site;3,763
Small site;3,717
Small site;3,537
Small site;3,247
Small site;3,521
Small site;2,671
Small site;4,231
Small site;3,238
Small site;3,277
Small site;3,24
Small site;3,373
Small site;3,074
Small site;2,35
Small site;2,538
Small site;3,346
Small site;2,52
Small site;3,487
Small site;3,796
Small site;3,116
Small site;3,166
Small site;3,575
Small site;4,571
Small site;4,098
Small site;4,781
Small site;2,42
Small site;4,787
Small site;4,884
Small site;2,727
Small site;2,817
Small site;3,27
Small site;3,753
Small site;4,288
Small site;4,515
Small site;3,012
Small site;2,744
Small site;2,809
Small site;3,408
Small site;3,144
Small site;2,967
Small site;2,812
Small site;3,233
Small site;2,977
Small site;3,383
Small site;3,168
Small site;4,881
Small site;3,04
Small site;2,475
Small site;2,363
Small site;2,331
Small site;4,979
Small site;3,696
Small site;2,979
Small site;2,892
Small site;3,273
Small site;2,839
Small site;2,556
Small site;2,239
Small site;4,581
Small site;4,669
Small site;2,895
Small site;3,27
Small site;2,798
Small site;3,359
Small site;2,625
Small site;2,461
Small site;2,544
Small site;3,302
Small site;2,645
Small site;2,858
Small site;2,58
Small site;4,877
Small site;4,456
Small site;4,305
Small site;3,924
Small site;3,841
Small site;3,795
Small site;3,614
Small site;3,325
Small site;3,597
Small site;2,73
Small site;4,292
Small site;4,702
Small site;3,303
Small site;3,345
Small site;3,308
Small site;3,443
Small site;3,144
Small site;2,418
Small site;2,607
Small site;3,417
Small site;2,175
Small site;1,313
Small site;2,593
Small site;2,449
Small site;3,566
Small site;3,874
Small site;3,194
Small site;3,244
Small site;3,653
Small site;2,391
Small site;4,65
Small site;4,176
Small site;4,859
Small site;2,49
Small site;4,865
Small site;4,962
Small site;2,798
Small site;2,889
Small site;3,343
Small site;3,828
Small site;4,365
Small site;4,592
Small site;3,08
Small site;2,807
Small site;2,872
Small site;3,478
Small site;3,21
Small site;3,029
Small site;2,865
Small site;3,297
Small site;3,033
Small site;3,445
Small site;3,213
Small site;4,955
Small site;3,117
Small site;2,864
Small site;2,539
Small site;2,427
Small site;2,398
Small site;1,706
Small site;1,363
Small site;3,771
Small site;3,057
Small site;2,674
Small site;2,963
Small site;3,333
Small site;2,897
Small site;2,616
Small site;2,299
Small site;4,642
Small site;4,74
Small site;2,962
Small site;3,339
Small site;2,866
Small site;3,429
Small site;2,732
Small site;2,689
Small site;2,518
Small site;2,6
Small site;3,373
Small site;2,7
Small site;2,928
Small site;2,648
Small site;1,019
Small site;1,212
Small site;1,363
Small site;0,526
Small site;2,957
Small site;1,694
Small site;1,099
Small site;2,607
Small site;0,723
Small site;1,737
Small site;1,903
Small site;4,31
Small site;4,408
Small site;4,791
Small site;4,869
Small site;4,91
Small site;0,247
Small site;0,525
Small site;3,297
Small site;1,655
Small site;2,771
Small site;1,624
Small site;1,489
Small site;3,873
Small site;3,358
Small site;4,694
Small site;0,791
Small site;1,129
Small site;0,642
Small site;1,466
Small site;2,494
Small site;0,514
Small site;4,799
Small site;0,247
Small site;0,616
Small site;4,981
Small site;0,958
Small site;1,054
Small site;1,25
Small site;1,397
Small site;4,831
Small site;4,814
Small site;0,391
Small site;0,932
Small site;3,574
Small site;2,786
Small site;3,807
Small site;2,013
Small site;3,375
Small site;1,291
Small site;3,876
Small site;3,675
Small site;3,843
Small site;4,818
Small site;2,225
Small site;4,836
Small site;2,178
Small site;0,756
Small site;2,082
Small site;4,202
Small site;4,769
Small site;4,886
Small site;0,859
Small site;4,824
Small site;4,09
Small site;0,988
Small site;1,779
Small site;1,413
Small site;1,594
Small site;2,896
Small site;2,951
Small site;2,987
Small site;3,913
Small site;4,006
Small site;4,32
Small site;4,41
Small site;4,443
Small site;4,779
Small site;4,595
Small site;4,647
Small site;4,793
Small site;4,851
Small site;4,883
Small site;4,905
Small site;0,525
Small site;0,616
Small site;0,242
Small site;0,362
Small site;0,73
Small site;3,264
Small site;1,564
Small site;3,062
Small site;2,696
Small site;2,487
Small site;2,654
Small site;2,737
Small site;2,642
Small site;2,996
Small site;2,796
Small site;2,889
Small site;3,129
Small site;2,176
Small site;2,301
Small site;1,654
Small site;3,037
Small site;3,487
Small site;2,98
Small site;4,192
Small site;4,221
Small site;4,547
Small site;2,575
Small site;2,895
Small site;3,191
Small site;0,891
Small site;0,985
Small site;1,178
Small site;1,323
Small site;4,746
Small site;4,749
Small site;0,586
Small site;0,373
Small site;0,885
Small site;3,489
Small site;2,691
Small site;1,978
Small site;1,241
Small site;3,791
Small site;4,737
Small site;2,134
Small site;4,756
Small site;0,696
Small site;4,126
Small site;4,696
Small site;4,813
Small site;0,768
Small site;4,754
Small site;4,022
Small site;0,952
Small site;1,759
Small site;1,317
Small site;1,498
Small site;2,825
Small site;2,912
Small site;3,825
Small site;3,918
Small site;4,245
Small site;4,332
Small site;4,367
Small site;4,694
Small site;4,524
Small site;4,569
Small site;4,714
Small site;4,78
Small site;4,812
Small site;4,839
Small site;0,649
Small site;3,177
Small site;1,476
Small site;2,6
Small site;2,549
Small site;2,81
Small site;2,151
Small site;2,283
Small site;1,595
Small site;2,956
Small site;2,889
Small site;4,146
Small site;4,475
Small site;2,481
Small site;0,828
Small site;1,02
Small site;1,164
Small site;4,738
Small site;0,732
Small site;0,48
Small site;0,929
Small site;2,551
Small site;1,847
Small site;1,097
Small site;4,686
Small site;2,051
Small site;4,71
Small site;0,545
Small site;4,666
Small site;4,784
Small site;0,699
Small site;4,732
Small site;4,005
Small site;1,011
Small site;1,838
Small site;1,208
Small site;1,385
Small site;2,803
Small site;4,21
Small site;4,29
Small site;4,33
Small site;4,502
Small site;4,53
Small site;4,666
Small site;4,757
Small site;4,786
Small site;4,827
Small site;0,58
Small site;0,242
Small site;0,594
Small site;0,62
Small site;0,735
Small site;1,322
Small site;2,805
Small site;4,113
Small site;4,449
Small site;1,383
Small site;1,471
Small site;1,657
Small site;1,795
Small site;4,733
Small site;4,565
Small site;0,085
Small site;0,68
Small site;3,823
Small site;3,9
Small site;3,659
Small site;3,004
Small site;3,063
Small site;4,205
Small site;2,485
Small site;3,361
Small site;3,672
Small site;3,668
Small site;1,746
Small site;3,792
Small site;3,595
Small site;3,754
Small site;4,681
Small site;2,233
Small site;4,684
Small site;2,161
Small site;1,196
Small site;2,022
Small site;4,032
Small site;4,569
Small site;4,686
Small site;4,604
Small site;3,862
Small site;0,679
Small site;1,543
Small site;1,727
Small site;2,009
Small site;2,699
Small site;2,765
Small site;2,818
Small site;3,862
Small site;3,946
Small site;3,889
Small site;4,139
Small site;4,25
Small site;4,268
Small site;4,671
Small site;4,377
Small site;4,478
Small site;4,645
Small site;4,636
Small site;4,673
Small site;4,659
Small site;4,96
Small site;3,577
Small site;1,961
Small site;1,887
Small site;3,358
Small site;3,297
Small site;3,258
Small site;2,898
Small site;2,721
Small site;2,672
Small site;2,893
Small site;2,987
Small site;2,899
Small site;2,679
Small site;3,041
Small site;3,334
Small site;3,162
Small site;3,257
Small site;3,115
Small site;3,081
Small site;4,147
Small site;4,138
Small site;4,07
Small site;4,012
Small site;2,372
Small site;2,653
Small site;2,778
Small site;2,093
Small site;4,071
Small site;3,938
Small site;3,388
Small site;2,804
Small site;3,457
Small site;3,075
Small site;2,971
Small site;4,032
Small site;4,036
Small site;4,513
Small site;4,818
Small site;4,34
Small site;2,804
Small site;3,205
Small site;3,128
Small site;3,247
Small site;3,541
Small site;4,062
Small site;1,24
Small site;1,325
Small site;1,505
Small site;1,639
Small site;4,603
Small site;4,485
Small site;0,259
Small site;0,58
Small site;3,649
Small site;3,726
Small site;3,484
Small site;2,826
Small site;4,044
Small site;2,372
Small site;3,21
Small site;3,528
Small site;3,528
Small site;1,618
Small site;3,658
Small site;3,459
Small site;3,621
Small site;4,562
Small site;2,075
Small site;4,57
Small site;2,008
Small site;1,063
Small site;1,877
Small site;3,923
Small site;4,471
Small site;4,587
Small site;4,513
Small site;3,773
Small site;0,61
Small site;1,373
Small site;1,368
Small site;1,552
Small site;2,596
Small site;2,659
Small site;2,707
Small site;3,719
Small site;3,806
Small site;4,033
Small site;4,137
Small site;4,161
Small site;4,544
Small site;4,285
Small site;4,369
Small site;4,53
Small site;4,543
Small site;4,579
Small site;4,578
Small site;4,883
Small site;3,403
Small site;1,715
Small site;3,182
Small site;3,12
Small site;2,721
Small site;2,543
Small site;2,715
Small site;2,809
Small site;2,721
Small site;2,502
Small site;3,162
Small site;2,995
Small site;3,09
Small site;2,95
Small site;3,978
Small site;3,854
Small site;2,55
Small site;2,687
Small site;1,953
Small site;3,918
Small site;3,793
Small site;3,218
Small site;2,626
Small site;3,31
Small site;2,818
Small site;3,919
Small site;3,932
Small site;4,744
Small site;4,244
Small site;4,986
Small site;2,626
Small site;3,034
Small site;2,958
Small site;3,077
Small site;3,371
Small site;3,91
Small site;1,158
Small site;1,224
Small site;1,376
Small site;1,489
Small site;0,598
Small site;0,319
Small site;0,214
Small site;0,338
Small site;2,503
Small site;2,348
Small site;1,568
Small site;3,297
Small site;3,097
Small site;4,215
Small site;1,705
Small site;4,227
Small site;1,638
Small site;1,028
Small site;3,587
Small site;4,146
Small site;4,264
Small site;1,027
Small site;1,209
Small site;3,702
Small site;3,798
Small site;3,827
Small site;4,032
Small site;4,186
Small site;0,594
Small site;0,271
Small site;0,22
Small site;0,172
Small site;2,419
Small site;2,449
Small site;3,601
Small site;2,428
Small site;2,541
Small site;3,456
Small site;4,364
Small site;4,693
Small site;4,335
Small site;4,416
Small site;4,159
Small site;3,345
Small site;3,7
Small site;4,872
Small site;3,317
Small site;3,372
Small site;3,223
Small site;3,449
Small site;3,413
Small site;2,973
Small site;3,487
Small site;3,31
Small site;3,441
Small site;2,706
Small site;4,239
Small site;2,241
Small site;3,496
Small site;4,213
Small site;2,132
Small site;3,093
Small site;3,358
Small site;1,928
Small site;3,29
Small site;3,543
Small site;4,953
Small site;4,006
Small site;4,117
Small site;2,968
Small site;4,51
Small site;4
Small site;4,753
Small site;4,604
Small site;0,166
Small site;2,594
Small site;1,898
Small site;2,051
Small site;1,875
Small site;2,309
Small site;2,397
Small site;3,62
Small site;3,685
Small site;3,561
Small site;3,384
Small site;3,582
Small site;3,624
Small site;3,773
Small site;3,763
Small site;4,288
Small site;3,784
Small site;3,978
Small site;4,181
Small site;4,04
Small site;4,087
Small site;4,005
Small site;4,278
Small site;4,516
Small site;4,939
Small site;4,929
Small site;0,426
Small site;4,092
Small site;4,456
Small site;4,079
Small site;2,751
Small site;2,693
Small site;2,454
Small site;2,458
Small site;2,438
Small site;2,501
Small site;3,833
Small site;3,764
Small site;3,754
Small site;3,606
Small site;3,438
Small site;3,216
Small site;3,075
Small site;3,11
Small site;3,135
Small site;3,282
Small site;3,391
Small site;3,319
Small site;3,12
Small site;3,642
Small site;3,895
Small site;3,784
Small site;3,88
Small site;3,766
Small site;3,778
Small site;4,813
Small site;3,242
Small site;3,561
Small site;2,903
Small site;4,793
Small site;4,708
Small site;3,972
Small site;3,24
Small site;3,281
Small site;2,961
Small site;3,071
Small site;2,87
Small site;3,563
Small site;3,517
Small site;3,93
Small site;4,822
Small site;3,138
Small site;3,768
Small site;4,364
Small site;3,179
Small site;3,78
Small site;3,713
Small site;3,837
Small site;4,119
Small site;4,793
Small site;1,215
Small site;3,813
Small site;1,091
Small site;0,817
Small site;1,204
Small site;3,779
Small site;1,166
Small site;4,838
Small site;4,687
Small site;3,73
Small site;3,848
Small site;4,329
Small site;3,799
Small site;4,667
Small site;4,515
Small site;1,422
Small site;1,871
Small site;3,569
Small site;3,595
Small site;3,735
Small site;3,822
Small site;3,851
Small site;3,9
Small site;4,221
Small site;4,432
Small site;4,771
Small site;4,897
Small site;4,979
Small site;4,696
Small site;3,514
Small site;4,332
Small site;1,404
Small site;2,373
Small site;2,217
Small site;2,925
Small site;4,859
Small site;3,883
Small site;4,719
Small site;2,858
Small site;2,847
Small site;2,803
Small site;2,84
Small site;2,743
Small site;2,599
Small site;2,685
Small site;2,598
Small site;2,631
Small site;2,508
Small site;2,552
Small site;2,504
Small site;2,899
Small site;2,431
Small site;2,281
Small site;2,259
Small site;2,177
Small site;3,499
Small site;2,297
Small site;3,35
Small site;2,516
Small site;2,602
Small site;1,833
Small site;2,599
Small site;2,853
Small site;2,421
Small site;1,805
Small site;2,988
Small site;2,848
Small site;1,027
Small site;1,113
Small site;1,174
Small site;2,313
Small site;1,529
Small site;1,601
Small site;1,724
Small site;2,929
Small site;2,933
Small site;2,764
Small site;2,408
Small site;1,467
Small site;2,134
Small site;2,506
Small site;2,764
Small site;2,302
Small site;2,514
Small site;2,438
Small site;3,159
Small site;2,254
Small site;2,633
Small site;2,018
Small site;2,889
Small site;2,048
Small site;2,474
Small site;2,537
Small site;2,318
Small site;2,518
Small site;2,764
Small site;3,236
Small site;3,11
Small site;3,696
Small site;3,771
Small site;1,222
Small site;1,938
Small site;4,793
Small site;3,293
Small site;3,162
Small site;3,741
Small site;3,721
Small site;3,787
Small site;3,933
Small site;3,92
Small site;4,033
Small site;4,007
Small site;3,884
Small site;4,744
Small site;4,765
Small site;4,85
Small site;4,802
Small site;4,857
Small site;2,82
Small site;2,732
Small site;2,711
Small site;2,699
Small site;2,362
Small site;2,207
Small site;2,407
Small site;3,087
Small site;2,359
Small site;1,149
Small site;2,63
Small site;2,289
Small site;2,576
Small site;3,814
Small site;4,671
Small site;4,632
Small site;4,75
Small site;4,974
Small site;0,473
Small site;1,388
Small site;1,598
Small site;1,905
Small site;1,931
Small site;1,883
Small site;1,661
Small site;1,508
Small site;1,274
Small site;1,636
Small site;1,356
Small site;2,645
Small site;1,714
Small site;1,819
Small site;0,841
Small site;2,196
Small site;1,689
Small site;0,962
Small site;2,454
Small site;0,297
Small site;0,274
Small site;0,218
Small site;0,936
Small site;1,514
Small site;2,632
Small site;2,487
Small site;1,558
Small site;0,659
Small site;0,701
Small site;0,208
Small site;1,929
Small site;1,415
Small site;1,188
Small site;1,523
Small site;1,393
Small site;1,585
Small site;1,535
Small site;2,203
Small site;1,745
Small site;1,781
Small site;1,695
Small site;1,984
Small site;2,216
Small site;2,626
Small site;2,651
Small site;3,057
Small site;3,004
Small site;1,768
Small site;1,407
Small site;1,289
Small site;2,514
Small site;1,84
Small site;0,363
Small site;1,474
Small site;2,081
Small site;3,84
Small site;1,18
Small site;1,198
Small site;1,791
Small site;1,122
Small site;0,952
Small site;1,558
Small site;1,569
Small site;1,518
Small site;1,331
Small site;1,069
Small site;0,989
Small site;1,077
Small site;2,258
Small site;1,445
Small site;0,679
Small site;1,8
Small site;1,301
Small site;2,055
Small site;0,632
Small site;0,611
Small site;0,288
Small site;2,011
Small site;1,549
Small site;1,509
Small site;0,841
Small site;0,982
Small site;1,245
Small site;1,192
Small site;1,399
Small site;1,262
Small site;1,405
Small site;1,525
Small site;1,838
Small site;2,414
Small site;2,81
Small site;1,858
Small site;0,897
Small site;0,902
Small site;1,836
Small site;1,815
Small site;1,227
Small site;0,379
Small site;0,915
Small site;1,308
Small site;1,081
Small site;1,292
Small site;1,218
Small site;1,419
Small site;1,047
Small site;1,212
Small site;1,296
Small site;1,585
Small site;1,817
Small site;2,229
Small site;2,254
Small site;2,674
Small site;1,222
Small site;0,925
Small site;0,975
Small site;1,656
Small site;1,469
Small site;1,074
Small site;1,152
Small site;3,3
Small site;0,984
Small site;2,115
Small site;1,443
Small site;1,307
Small site;1,642
Small site;1,734
Small site;1,684
Small site;4,443
Small site;4,463
Small site;4,52
Small site;4,553
Small site;1,136
Small site;2,026
Small site;0,969
Small site;1,423
Small site;2,041
Small site;4,191
Small site;2,862
Small site;2,929
Small site;2,879
Small site;2,711
Small site;4,84
Small site;2,644
Small site;2,467
Small site;2,417
Small site;2,663
Small site;2,195
Small site;2,315
Small site;2,83
Small site;2,138
Small site;1,925
Small site;2,68
Small site;1,851
Small site;2,688
Small site;1,847
Small site;2,548
Small site;1,847
Small site;1,905
Small site;1,587
Small site;1,84
Small site;2,038
Small site;1,694
Small site;1,29
Small site;2,103
Small site;1,352
Small site;1,123
Small site;1,228
Small site;2,287
Small site;0,516
Small site;3,495
Small site;3,496
Small site;2,599
Small site;1,715
Small site;1,749
Small site;1,841
Small site;1,099
Small site;2,738
Small site;2,706
Small site;2,536
Small site;2,087
Small site;1,714
Small site;2,14
Small site;2,39
Small site;1,792
Small site;2,017
Small site;1,903
Small site;2,67
Small site;1,586
Small site;2,056
Small site;1,214
Small site;2,32
Small site;1,172
Small site;1,752
Small site;1,82
Small site;1,516
Small site;1,652
Small site;1,893
Small site;2,38
Small site;2,197
Small site;2,892
Small site;2,963
Small site;0,925
Small site;3,629
Small site;4,008
Small site;4,037
Small site;4,267
Small site;4,372
Small site;4,368
Small site;2,778
Small site;2,828
Small site;2,694
Small site;2,742
Small site;2,83
Small site;1,723
Small site;1,724
Small site;2,218
Small site;1,495
Small site;0,872
Small site;0,41
Small site;2,594
Small site;1,691
Small site;4,813
Small site;0,523
Small site;2,588
Small site;1,63
Small site;1,12
Small site;0,834
Small site;0,473
Small site;1,112
Small site;3,775
Small site;0,621
Small site;0,323
Small site;0,273
Small site;0,608
Small site;0,743
Small site;1,35
Small site;0,975
Small site;0,801
Small site;1,312
Small site;0,584
Small site;0,762
Small site;1,026
Small site;0,8
Small site;0,631
Small site;1,842
Small site;2,574
Small site;1,569
Small site;1,87
Small site;4,972
Small site;3,779
Small site;3,557
Small site;3,655
Small site;3,603
Small site;3,346
Small site;3,364
Small site;3,064
Small site;3,09
Small site;3,021
Small site;3,422
Small site;2,754
Small site;2,626
Small site;3,647
Small site;2,798
Small site;2,491
Small site;3,505
Small site;2,43
Small site;2,635
Small site;2,335
Small site;2,525
Small site;2,11
Small site;2,123
Small site;2,241
Small site;1,972
Small site;2,042
Small site;1,9
Small site;1,811
Small site;1,924
Small site;2,168
Small site;2,054
Small site;0,896
Small site;0,257
Small site;0,242
Small site;0,249
Small site;0,192
Small site;4,329
Small site;4,327
Small site;3,425
Small site;2,515
Small site;2,538
Small site;2,619
Small site;3,337
Small site;3,285
Small site;3,123
Small site;2,647
Small site;2,242
Small site;2,664
Small site;2,887
Small site;2,236
Small site;2,446
Small site;2,31
Small site;3,048
Small site;1,891
Small site;2,403
Small site;2,647
Small site;2,678
Small site;1,956
Small site;2,022
Small site;1,628
Small site;1,59
Small site;1,78
Small site;2,253
Small site;1,905
Small site;2,839
Small site;2,897
Small site;1,656
Small site;4,451
Small site;4,837
Small site;4,867
Small site;4,96
Small site;3,454
Small site;3,562
Small site;3,361
Small site;3,453
Small site;3,577
Small site;2,2
Small site;1,989
Small site;2,069
Small site;1,621
Small site;3,282
Small site;1,562
Small site;4,963
Small site;4,912
Small site;0,215
Small site;0,499
Small site;2,672
Small site;0,825
Small site;0,572
Small site;0,51
Small site;0,919
Small site;1,123
Small site;3,872
Small site;0,717
Small site;0,319
Small site;0,188
Small site;0,572
Small site;0,667
Small site;1,258
Small site;1,074
Small site;0,082
Small site;2,794
Small site;0,51
Small site;0,769
Small site;0,715
Small site;0,67
Small site;0,234
Small site;0,65
Small site;0,656
Small site;1,204
Small site;0,694
Small site;1,923
Small site;0,289
Small site;0,205
Small site;0,142
Small site;1,479
Small site;1,411
Small site;1,625
Small site;1,657
Small site;1,845
Small site;1,96
Small site;1,731
Small site;2,008
Small site;1,647
Small site;1,826
Small site;1,91
Small site;0,561
Small site;0,384
Small site;0,543
Small site;0,534
Small site;0,988
Small site;0,132
Small site;0,204
Small site;0,086
Small site;0,359
Small site;0,716
Small site;0,749
Small site;0,688
Small site;0,8
Small site;0,724
Small site;0,205
Small site;0,161
Small site;1,76
Small site;1,804
Small site;0,724
Small site;0,833
Small site;0,879
Small site;0,272
Small site;0,094
Small site;0,371
Small site;0,778
Small site;0,77
Small site;0,819
Small site;0,586
Small site;0,733
Small site;0,602
Small site;0,142
Small site;0,161
Small site;0,453
Small site;1,54
Small site;1,558
Small site;1,737
Small site;1,855
Small site;1,636
Small site;1,929
Small site;0,347
Small site;0,678
Small site;0,791
Small site;1,032
Small site;1,239
Small site;1,651
Small site;1,637
Small site;0,128
Small site;1,692
Small site;1,167
Small site;1,237
Small site;0,449
Small site;0,096
Small site;0,195
Small site;1,258
Small site;1,472
Small site;1,199
Small site;1,436
Small site;1,198
Small site;1,836
Small site;1,209
Small site;0,236
Small site;0,547
Small site;0,192
Small site;1,343
Small site;1,465
Small site;1,596
Small site;1,268
Small site;1,232
Small site;1,762
Small site;0,465
Small site;1,346
Small site;1,409
Small site;1,823
Small site;1,811
Small site;1,864
Small site;0,619
Small site;0,183
Small site;0,305
Small site;0,357
Small site;1,404
Small site;1,621
Small site;1,337
Small site;1,567
Small site;4,581
Small site;4,642
Small site;1,353
Small site;2,008
Small site;0,192
Small site;1,492
Small site;1,622
Small site;1,754
Small site;1,404
Small site;1,361
Small site;1,933
Small site;1,482
Small site;1,517
Small site;1,7
Small site;2,069
Small site;2,017
Small site;0,281
Small site;0,238
Small site;2,097
Small site;0,987
Small site;0,771
Small site;0,76
Small site;0,856
Small site;0,915
Small site;0,946
Small site;1,839
Small site;1,641
Small site;2,035
Small site;1,799
Small site;2,047
Small site;1,528
Small site;1,479
Small site;1,748
Small site;0,068
Small site;0,222
Small site;2,042
Small site;0,822
Small site;0,918
Small site;1,606
Small site;1,652
Small site;1,914
Small site;2,003
Small site;2,124
Small site;1,873
Small site;1,852
Small site;1,947
Small site;0,937
Small site;1,949
Small site;1,449
Small site;1,632
Small site;2,001
Small site;1,949
Small site;0,223
Small site;2,03
Small site;0,922
Small site;0,704
Small site;0,694
Small site;0,805
Small site;0,863
Small site;0,892
Small site;1,774
Small site;1,575
Small site;1,969
Small site;1,735
Small site;1,983
Small site;1,411
Small site;1,682
Small site;0,068
Small site;0,251
Small site;1,98
Small site;0,762
Small site;0,851
Small site;1,585
Small site;1,848
Small site;1,936
Small site;2,057
Small site;1,81
Small site;1,789
Small site;1,886
Small site;0,871
Small site;1,886
Small site;3,481
Small site;2,257
Small site;2,221
Small site;2,291
Small site;0,552
Small site;0,631
Small site;0,379
Small site;2,135
Small site;3,563
Small site;3,968
Small site;4,141
Small site;3,4
Small site;3,845
Small site;2,31
Small site;0,325
Small site;2,743
Small site;2,122
Small site;2,25
Small site;0,626
Small site;2,221
Small site;1,703
Small site;1,618
Small site;1,503
Small site;1,72
Small site;1,864
Small site;1,742
Small site;1,636
Small site;1,857
Small site;1,543
Small site;1,301
Small site;1,362
Small site;1,736
Small site;1,753
Small site;2,109
Small site;1,895
Small site;2,201
Small site;2,14
Small site;1,625
Small site;1,54
Small site;1,961
Small site;0,213
Small site;0,183
Small site;0,396
Small site;1,566
Small site;1,755
Small site;1,94
Small site;2,141
Small site;1,86
Small site;2,133
Small site;2,106
Small site;2,17
Small site;2,245
Small site;1,439
Small site;2,262
Small site;1,666
Small site;1,928
Small site;1,85
Small site;1,721
Small site;1,98
Small site;2,185
Small site;2,074
Small site;2,185
Small site;1,635
Small site;1,742
Small site;1,791
Small site;1,785
Small site;2,322
Small site;2,102
Small site;2,446
Small site;2,335
Small site;2,575
Small site;1,995
Small site;1,845
Small site;1,737
Small site;2,183
Small site;1,601
Small site;1,937
Small site;2,1
Small site;2,108
Small site;2,28
Small site;2,078
Small site;2,361
Small site;2,363
Small site;2,444
Small site;2,41
Small site;2,43
Small site;1,535
Small site;2,47
Small site;1,858
Small site;1,943
Small site;1,834
Small site;2,066
Small site;2,488
Small site;1,445
Small site;1,425
Small site;1,484
Small site;1,811
Small site;1,806
Small site;1,744
Small site;1,469
Small site;1,688
Small site;1,26
Small site;1,836
Small site;2,008
Small site;2,042
Small site;1,98
Small site;2,31
Small site;2,194
Small site;2,233
Small site;2,411
Small site;2,505
Small site;1,629
Small site;1,289
Small site;1,389
Small site;1,629
Small site;1,554
Small site;1,654
Small site;1,608
Small site;0,105
Small site;1,386
Small site;0,309
Small site;0,628
Small site;0,66
Small site;0,542
Small site;0,757
Small site;0,74
Small site;0,713
Small site;0,418
Small site;4,04
Small site;3,669
Small site;4,147
Small site;4,392
Small site;4,235
Small site;4,646
Small site;4,961
Small site;2,101
Small site;2,236
Small site;2,585
Small site;2,519
Small site;2,608
Small site;1,547
Small site;1,286
Small site;1,403
Small site;1,462
Small site;1,498
Small site;2,398
Small site;2,197
Small site;2,59
Small site;2,36
Small site;2,454
Small site;2,607
Small site;3,788
Small site;4,188
Small site;4,372
Small site;4,396
Small site;4,452
Small site;4,509
Small site;4,584
Small site;4,758
Small site;4,925
Small site;4,456
Small site;4,645
Small site;2,082
Small site;2,303
Small site;2,467
Small site;1,382
Small site;2,081
Small site;1,996
Small site;2,07
Small site;2,051
Small site;2,165
Small site;2,05
Small site;2,204
Small site;2,471
Small site;2,553
Small site;2,671
Small site;2,434
Small site;2,412
Small site;1,916
Small site;2,366
Small site;2,51
Small site;1,96
Small site;3,329
Small site;3,661
Small site;3,336
Small site;3,291
Small site;3,772
Small site;4,036
Small site;3,882
Small site;4,323
Small site;4,64
Small site;1,952
Small site;2,137
Small site;2,518
Small site;2,472
Small site;2,549
Small site;1,385
Small site;1,271
Small site;1,784
Small site;2,231
Small site;2,047
Small site;2,437
Small site;2,178
Small site;2,418
Small site;3,41
Small site;3,716
Small site;3,824
Small site;4,025
Small site;4,028
Small site;4,084
Small site;4,14
Small site;4,208
Small site;4,715
Small site;4,383
Small site;4,575
Small site;1,786
Small site;3,297
Small site;3,264
Small site;3,177
Small site;3,577
Small site;3,403
Small site;3,215
Small site;4,079
Small site;4,274
Small site;4,793
Small site;1,91
Small site;2,155
Small site;0,325
Small site;2,505
Small site;0,094
Small site;1,716
Small site;1,659
Small site;1,628
Small site;1,635
Small site;1,668
Small site;1,701
Small site;1,663
Small site;0,262
Small site;2,132
Small site;1,947
Small site;1,922
Small site;2,045
Small site;1,797
Small site;2,064
Small site;2,312
Small site;2,417
Small site;2,543
Small site;2,249
Small site;2,215
Small site;0,855
Small site;3,274
Small site;2,411
Small site;1,354
Small site;0,867
Small site;2,326
Small site;1,416
Small site;1,405
Small site;0,363
Small site;1,457
Small site;1,357
Small site;1,421
Small site;1,222
Small site;0,213
Small site;1,247
Small site;0,236
Small site;0,822
Small site;0,762
Small site;1,566
Small site;1,496
Small site;1,601
Small site;1,731
Small site;1,592
Small site;1,956
Small site;1,629
Small site;0,954
Small site;1,12
Small site;1,382
Small site;0,354
Small site;1,235
Small site;1,365
Small site;1,561
Small site;0,223
Small site;0,103
Small site;0,192
Small site;1,959
Small site;1,891
Small site;0,729
Small site;0,66
Small site;0,163
Small site;0,346
Small site;0,193
Small site;0,341
Small site;0,247
Small site;0,462
Small site;0,404
Small site;0,542
Small site;0,346
Small site;0,218
Small site;0,264
Small site;0,199
Small site;0,197
Small site;0,482
Small site;0,142
Small site;0,74
Small site;0,341
Small site;0,199
Small site;2,576
Small site;2,025
Small site;2,427
Small site;2,556
Small site;2,391
Small site;2,128
Small site;2,376
Small site;2,603
Small site;2,658
Small site;2,726
Small site;2,855
Small site;3,076
Small site;2,751
Small site;2,871
Small site;0,119
Small site;0,562
Small site;0,708
Small site;0,863
Small site;0,997
Small site;1,651
Small site;2,537
Small site;2,377
Small site;2,443
Small site;2,593
Small site;2,828
Small site;3,148
Small site;2,345
Small site;2,516
Small site;2,566
Small site;2,621
Small site;2,686
Small site;2,802
Small site;3,486
Small site;3,211
Small site;3,068
Small site;3,775
Small site;4,128
Small site;4,24
Small site;2,693
Small site;2,828
Small site;3,293
Small site;0,119
Small site;0,446
Small site;0,59
Small site;0,745
Small site;0,879
Small site;3,735
Small site;2,16
Small site;2,087
Small site;2,326
Small site;2,18
Small site;2,302
Small site;2,458
Small site;2,711
Small site;3,033
Small site;4,379
Small site;1,972
Small site;2,054
Small site;1,792
Small site;0,945
Small site;1,561
Small site;2,17
Small site;1,416
Small site;3,363
Small site;0,733
Small site;3,428
Small site;4,567
Small site;4,428
Small site;4,574
Small site;4,432
Small site;2,321
Small site;3,137
Small site;3,367
Small site;2,108
Small site;4,322
Small site;2,335
Small site;2,315
Small site;3,721
Small site;2,371
Small site;2,429
Small site;3,575
Small site;2,522
Small site;3,397
Small site;3,074
Small site;2,877
Small site;3,873
Small site;4,198
Small site;4,209
Small site;3,676
Small site;4,057
Small site;4,271
Small site;4,665
Small site;4,165
Small site;4,617
Small site;4,598
Small site;4,839
Small site;4,669
Small site;4,74
Small site;2,404
Small site;2,567
Small site;3,162
Small site;2,849
Small site;3,629
Small site;4,451
Small site;4,304
Small site;1,716
Small site;0,431
Small site;0,329
Small site;0,513
Small site;0,663
Small site;1,299
Small site;1,164
Small site;0,824
Small site;0,546
Small site;0,671
Small site;0,711
Small site;0,788
Small site;0,88
Small site;0,99
Small site;0,928
Small site;0,753
Small site;0,697
Small site;1,439
Small site;1,602
Small site;1,603
Small site;1,689
Small site;1,644
Small site;2,44
Small site;2,675
Small site;1,358
Small site;2,764
Small site;1,707
Small site;0,86
Small site;4,566
Small site;2,864
Small site;4,126
Small site;4,423
Small site;4,482
Small site;3,645
Small site;4,566
Small site;0,775
Small site;1,517
Small site;1,473
Small site;1,593
Small site;1,093
Small site;1,083
Small site;2,109
Small site;2,114
Small site;2,416
Small site;2,281
Small site;2,589
Small site;2,85
Small site;3,171
Small site;1,916
Small site;1,998
Small site;1,738
Small site;0,973
Small site;1,428
Small site;2,244
Small site;2,182
Small site;2,444
Small site;2,375
Small site;2,432
Small site;2,484
Small site;2,551
Small site;3,544
Small site;3,202
Small site;2,977
Small site;4,029
Small site;4,371
Small site;3,819
Small site;4,21
Small site;4,429
Small site;4,828
Small site;4,315
Small site;4,776
Small site;2,031
Small site;2,425
Small site;2,616
Small site;4,613
Small site;1,659
Small site;0,562
Small site;0,446
Small site;1,41
Small site;1,336
Small site;1,211
Small site;1,061
Small site;0,87
Small site;0,557
Small site;0,443
Small site;0,678
Small site;0,698
Small site;0,715
Small site;0,897
Small site;0,696
Small site;0,603
Small site;1,319
Small site;1,512
Small site;1,481
Small site;1,569
Small site;1,51
Small site;0,946
Small site;2,252
Small site;2,486
Small site;2,616
Small site;1,608
Small site;0,815
Small site;0,777
Small site;1,415
Small site;1,363
Small site;1,486
Small site;0,96
Small site;0,941
Small site;1,818
Small site;2,073
Small site;1,748
Small site;2,151
Small site;1,963
Small site;1,708
Small site;1,031
Small site;1,321
Small site;2,183
Small site;2,439
Small site;2,496
Small site;2,542
Small site;2,586
Small site;3,682
Small site;3,324
Small site;3,075
Small site;4,173
Small site;3,953
Small site;4,351
Small site;4,576
Small site;4,455
Small site;4,924
Small site;1,755
Small site;1,992
Small site;1,815
Small site;2,454
Small site;2,67
Small site;4,763
Small site;1,628
Small site;0,708
Small site;0,097
Small site;0,157
Small site;1,389
Small site;1,322
Small site;1,303
Small site;1,154
Small site;0,991
Small site;0,946
Small site;0,623
Small site;0,537
Small site;0,731
Small site;0,734
Small site;0,69
Small site;0,907
Small site;0,689
Small site;0,563
Small site;1,226
Small site;1,448
Small site;1,383
Small site;1,475
Small site;1,399
Small site;2,312
Small site;2,487
Small site;1,535
Small site;0,813
Small site;0,821
Small site;1,341
Small site;1,282
Small site;1,406
Small site;0,859
Small site;0,829
Small site;2,042
Small site;1,717
Small site;1,663
Small site;2,162
Small site;2,546
Small site;2,24
Small site;2,616
Small site;2,773
Small site;3,044
Small site;3,363
Small site;4,774
Small site;1,967
Small site;1,716
Small site;1,088
Small site;1,784
Small site;2,783
Small site;2,139
Small site;2,67
Small site;2,6
Small site;2,464
Small site;4,128
Small site;2,521
Small site;2,564
Small site;3,959
Small site;2,595
Small site;3,749
Small site;3,381
Small site;3,118
Small site;4,244
Small site;4,587
Small site;4,595
Small site;4,017
Small site;4,421
Small site;4,648
Small site;4,524
Small site;4,998
Small site;1,961
Small site;1,784
Small site;1,433
Small site;2,458
Small site;2,688
Small site;2,972
Small site;4,008
Small site;4,837
Small site;4,703
Small site;1,635
Small site;0,064
Small site;1,403
Small site;1,339
Small site;1,311
Small site;1,149
Small site;1,012
Small site;0,688
Small site;0,789
Small site;0,785
Small site;0,711
Small site;0,942
Small site;0,72
Small site;1,436
Small site;1,351
Small site;1,444
Small site;1,517
Small site;0,844
Small site;4,521
Small site;4,828
Small site;4,883
Small site;4,964
Small site;0,874
Small site;1,324
Small site;1,26
Small site;1,384
Small site;2,002
Small site;1,641
Small site;2,145
Small site;2,549
Small site;2,259
Small site;2,633
Small site;2,791
Small site;3,064
Small site;3,383
Small site;4,805
Small site;1,998
Small site;1,749
Small site;1,145
Small site;2,279
Small site;2,709
Small site;1,762
Small site;2,813
Small site;3,588
Small site;2,692
Small site;3,822
Small site;2,609
Small site;2,456
Small site;4,163
Small site;2,513
Small site;2,554
Small site;3,989
Small site;2,576
Small site;3,772
Small site;3,396
Small site;2,754
Small site;3,123
Small site;4,271
Small site;4,618
Small site;4,624
Small site;4,038
Small site;4,446
Small site;4,676
Small site;4,548
Small site;0,543
Small site;1,92
Small site;2,438
Small site;2,676
Small site;3,004
Small site;3,3
Small site;4,037
Small site;4,867
Small site;4,736
Small site;1,668
Small site;0,863
Small site;0,157
Small site;0,064
Small site;1,44
Small site;1,378
Small site;1,072
Small site;0,748
Small site;0,678
Small site;0,847
Small site;0,84
Small site;0,99
Small site;0,767
Small site;1,535
Small site;0,891
Small site;3,308
Small site;4,553
Small site;4,862
Small site;4,916
Small site;4,996
Small site;0,929
Small site;1,503
Small site;1,629
Small site;1,971
Small site;1,649
Small site;1,44
Small site;1,704
Small site;2,225
Small site;2,831
Small site;2,988
Small site;3,268
Small site;3,584
Small site;2,017
Small site;1,316
Small site;1,202
Small site;1,826
Small site;2,015
Small site;2,782
Small site;2,571
Small site;2,628
Small site;2,66
Small site;2,648
Small site;3,982
Small site;3,584
Small site;2,827
Small site;3,279
Small site;4,491
Small site;4,846
Small site;4,851
Small site;4,242
Small site;4,661
Small site;4,898
Small site;4,76
Small site;1,655
Small site;1,442
Small site;1,564
Small site;1,476
Small site;1,322
Small site;1,887
Small site;1,715
Small site;1,527
Small site;1,481
Small site;1,282
Small site;1,454
Small site;2,501
Small site;2,773
Small site;4,261
Small site;1,701
Small site;1,499
Small site;1,444
Small site;1,389
Small site;1,194
Small site;1,014
Small site;1,264
Small site;1,031
Small site;1,007
Small site;0,863
Small site;1,116
Small site;0,897
Small site;1,16
Small site;1,447
Small site;1,292
Small site;1,387
Small site;1,265
Small site;1,287
Small site;1,899
Small site;2,304
Small site;2,259
Small site;1,504
Small site;1,012
Small site;1,573
Small site;1,098
Small site;0,922
Small site;1,319
Small site;1,243
Small site;1,363
Small site;2,31
Small site;1,999
Small site;1,985
Small site;1,222
Small site;1,214
Small site;0,759
Small site;2,063
Small site;2,535
Small site;2,591
Small site;2,627
Small site;2,631
Small site;2,81
Small site;2,488
Small site;2,745
Small site;1,663
Small site;0,997
Small site;1,449
Small site;1,391
Small site;1,345
Small site;1,16
Small site;0,982
Small site;1,163
Small site;0,845
Small site;0,792
Small site;0,931
Small site;0,913
Small site;0,789
Small site;1,037
Small site;0,816
Small site;0,656
Small site;1,156
Small site;1,427
Small site;1,297
Small site;1,392
Small site;1,283
Small site;1,326
Small site;0,687
Small site;2,014
Small site;0,698
Small site;2,339
Small site;2,312
Small site;1,493
Small site;0,935
Small site;1,004
Small site;1,304
Small site;1,232
Small site;1,355
Small site;0,795
Small site;0,742
Small site;2,348
Small site;3,127
Small site;3,441
Small site;3,115
Small site;3,049
Small site;3,524
Small site;2,192
Small site;2,103
Small site;1,659
Small site;3,167
Small site;3,511
Small site;3,566
Small site;3,773
Small site;3,829
Small site;3,885
Small site;3,96
Small site;4,135
Small site;1,613
Small site;3,062
Small site;3,358
Small site;3,182
Small site;3,833
Small site;4,021
Small site;0,262
Small site;1,41
Small site;1,389
Small site;1,403
Small site;1,499
Small site;1,449
Small site;0,074
Small site;0,127
Small site;0,35
Small site;0,604
Small site;0,938
Small site;2,238
Small site;2,397
Small site;2,619
Small site;1,967
Small site;1,663
Small site;0,5
Small site;0,599
Small site;3,071
Small site;3,379
Small site;3,454
Small site;2,183
Small site;2,096
Small site;1,63
Small site;3,453
Small site;3,813
Small site;3,89
Small site;4,064
Small site;1,569
Small site;3,297
Small site;3,12
Small site;3,764
Small site;3,949
Small site;0,337
Small site;1,322
Small site;1,339
Small site;1,444
Small site;1,391
Small site;0,074
Small site;0,125
Small site;0,329
Small site;0,605
Small site;0,904
Small site;2,23
Small site;2,392
Small site;2,617
Small site;1,95
Small site;1,63
Small site;0,527
Small site;3,018
Small site;3,341
Small site;3,448
Small site;2,068
Small site;1,979
Small site;1,533
Small site;3,085
Small site;3,404
Small site;3,506
Small site;3,708
Small site;3,764
Small site;3,819
Small site;3,884
Small site;4,059
Small site;1,494
Small site;3,258
Small site;3,754
Small site;3,952
Small site;1,336
Small site;1,303
Small site;1,311
Small site;1,389
Small site;1,345
Small site;0,127
Small site;0,125
Small site;0,223
Small site;0,483
Small site;2,114
Small site;2,274
Small site;2,498
Small site;1,84
Small site;1,538
Small site;0,542
Small site;0,543
Small site;3,158
Small site;3,305
Small site;1,854
Small site;1,769
Small site;1,31
Small site;3,209
Small site;3,392
Small site;3,584
Small site;3,641
Small site;3,691
Small site;3,74
Small site;3,917
Small site;4,176
Small site;1,281
Small site;3,606
Small site;3,821
Small site;1,299
Small site;1,211
Small site;1,154
Small site;1,16
Small site;0,35
Small site;0,329
Small site;0,223
Small site;0,486
Small site;0,424
Small site;1,903
Small site;2,066
Small site;2,293
Small site;1,621
Small site;1,315
Small site;0,486
Small site;0,438
Small site;0,241
Small site;0,242
Small site;0,327
Small site;2,758
Small site;2,975
Small site;2,655
Small site;2,47
Small site;2,894
Small site;3,043
Small site;2,876
Small site;2,578
Small site;3,114
Small site;2,861
Small site;3,005
Small site;3,086
Small site;3,141
Small site;3,207
Small site;3,326
Small site;3,666
Small site;3,561
Small site;1,499
Small site;2,696
Small site;2,6
Small site;2,898
Small site;2,721
Small site;2,544
Small site;3,216
Small site;3,351
Small site;3,741
Small site;0,824
Small site;0,87
Small site;0,946
Small site;1,012
Small site;1,072
Small site;1,264
Small site;1,163
Small site;2,665
Small site;1,935
Small site;0,371
Small site;0,352
Small site;2,462
Small site;1,175
Small site;0,457
Small site;2,786
Small site;2,963
Small site;2,806
Small site;2,159
Small site;1,492
Small site;2,911
Small site;2,763
Small site;2,946
Small site;2,978
Small site;3,033
Small site;3,094
Small site;3,192
Small site;3,641
Small site;3,498
Small site;4,195
Small site;1,265
Small site;3,075
Small site;3,234
Small site;3,721
Small site;0,671
Small site;0,678
Small site;0,731
Small site;0,789
Small site;0,847
Small site;0,931
Small site;0,125
Small site;0,265
Small site;2,274
Small site;2,455
Small site;2,694
Small site;1,919
Small site;1,46
Small site;0,104
Small site;2,551
Small site;2,8
Small site;2,477
Small site;2,795
Small site;3,017
Small site;2,862
Small site;2,564
Small site;2,937
Small site;3,088
Small site;3,321
Small site;3,641
Small site;2,151
Small site;2,099
Small site;1,443
Small site;2,917
Small site;2,943
Small site;2,812
Small site;3,005
Small site;3,024
Small site;3,079
Small site;3,139
Small site;3,23
Small site;3,974
Small site;3,706
Small site;3,556
Small site;4,415
Small site;4,264
Small site;4,61
Small site;4,8
Small site;4,724
Small site;1,23
Small site;2,487
Small site;2,721
Small site;2,543
Small site;3,11
Small site;3,278
Small site;3,787
Small site;4,96
Small site;0,711
Small site;0,698
Small site;0,734
Small site;0,785
Small site;0,84
Small site;0,913
Small site;0,173
Small site;0,314
Small site;0,371
Small site;0,312
Small site;2,216
Small site;2,396
Small site;2,635
Small site;1,864
Small site;1,413
Small site;4,223
Small site;0,091
Small site;2,754
Small site;3,795
Small site;0,846
Small site;0,678
Small site;1,915
Small site;1,859
Small site;1,225
Small site;2,842
Small site;2,89
Small site;3,088
Small site;3,144
Small site;3,198
Small site;3,263
Small site;4,143
Small site;3,848
Small site;3,665
Small site;4,597
Small site;4,913
Small site;4,428
Small site;4,788
Small site;4,986
Small site;4,9
Small site;1,05
Small site;2,672
Small site;3,135
Small site;3,331
Small site;3,933
Small site;4,345
Small site;0,945
Small site;0,788
Small site;0,715
Small site;0,69
Small site;0,789
Small site;0,254
Small site;0,696
Small site;0,815
Small site;0,859
Small site;0,931
Small site;0,565
Small site;0,765
Small site;1,978
Small site;2,157
Small site;2,395
Small site;1,633
Small site;1,201
Small site;0,924
Small site;0,151
Small site;4,391
Small site;0,739
Small site;0,706
Small site;0,819
Small site;0,432
Small site;0,47
Small site;2,76
Small site;2,81
Small site;3,423
Small site;3,744
Small site;1,983
Small site;1,929
Small site;1,286
Small site;2,858
Small site;2,86
Small site;3,062
Small site;3,118
Small site;3,173
Small site;3,246
Small site;4,088
Small site;3,8
Small site;3,626
Small site;4,539
Small site;4,852
Small site;4,375
Small site;4,731
Small site;4,927
Small site;4,843
Small site;1,097
Small site;2,679
Small site;2,502
Small site;3,12
Small site;3,308
Small site;3,884
Small site;4,286
Small site;0,753
Small site;0,696
Small site;0,689
Small site;0,72
Small site;0,816
Small site;0,288
Small site;0,405
Small site;0,352
Small site;2,047
Small site;2,227
Small site;2,465
Small site;1,7
Small site;1,26
Small site;4,336
Small site;3,126
Small site;3,731
Small site;1,593
Small site;1,127
Small site;3,144
Small site;3,485
Small site;3,662
Small site;3,719
Small site;3,762
Small site;3,784
Small site;4,827
Small site;4,514
Small site;3,962
Small site;4,296
Small site;1,179
Small site;3,041
Small site;3,642
Small site;3,885
Small site;1,439
Small site;1,319
Small site;1,226
Small site;1,16
Small site;1,156
Small site;0,604
Small site;0,605
Small site;0,483
Small site;0,696
Small site;0,751
Small site;1,637
Small site;1,794
Small site;2,016
Small site;1,382
Small site;1,146
Small site;0,723
Small site;0,639
Small site;0,108
Small site;0,207
Small site;2,859
Small site;3,247
Small site;2,93
Small site;3,499
Small site;3,889
Small site;3,759
Small site;4,314
Small site;4,635
Small site;1,577
Small site;1,476
Small site;1,187
Small site;2,271
Small site;3,108
Small site;3,252
Small site;3,641
Small site;3,925
Small site;3,814
Small site;3,871
Small site;3,913
Small site;3,928
Small site;4,992
Small site;4,677
Small site;4,106
Small site;4,456
Small site;1,284
Small site;2,796
Small site;3,162
Small site;2,995
Small site;3,784
Small site;4,035
Small site;4,765
Small site;1,603
Small site;1,481
Small site;1,383
Small site;1,292
Small site;1,297
Small site;0,67
Small site;0,689
Small site;0,564
Small site;0,424
Small site;0,463
Small site;0,859
Small site;0,899
Small site;0,914
Small site;0,614
Small site;0,746
Small site;1,614
Small site;1,761
Small site;1,975
Small site;1,309
Small site;1,392
Small site;1,216
Small site;0,88
Small site;2,828
Small site;0,801
Small site;0,524
Small site;2,952
Small site;3,341
Small site;3,025
Small site;3,082
Small site;3,594
Small site;3,98
Small site;3,849
Small site;4,397
Small site;4,719
Small site;1,629
Small site;1,524
Small site;1,27
Small site;2,349
Small site;3,204
Small site;3,345
Small site;3,733
Small site;4,014
Small site;3,908
Small site;3,965
Small site;4,007
Small site;4,023
Small site;4,763
Small site;4,201
Small site;4,546
Small site;1,377
Small site;2,889
Small site;2,81
Small site;3,257
Small site;3,09
Small site;2,902
Small site;3,88
Small site;4,129
Small site;4,85
Small site;1,689
Small site;1,569
Small site;1,475
Small site;1,387
Small site;1,392
Small site;0,934
Small site;0,955
Small site;0,996
Small site;1,531
Small site;1,662
Small site;1,803
Small site;2,012
Small site;1,387
Small site;1,456
Small site;1,301
Small site;0,944
Small site;2,921
Small site;3,007
Small site;3,402
Small site;3,087
Small site;0,93
Small site;1,63
Small site;1,521
Small site;1,309
Small site;3,4
Small site;4,094
Small site;4,273
Small site;1,433
Small site;2,944
Small site;2,866
Small site;3,317
Small site;3,151
Small site;2,964
Small site;3,95
Small site;4,203
Small site;0,878
Small site;1,54
Small site;1,659
Small site;1,795
Small site;1,998
Small site;1,42
Small site;1,471
Small site;1,343
Small site;0,957
Small site;1,027
Small site;1,077
Small site;2,979
Small site;0,986
Small site;2,799
Small site;3,2
Small site;2,887
Small site;3,486
Small site;3,904
Small site;0,086
Small site;1,447
Small site;1,343
Small site;1,096
Small site;3,192
Small site;3,648
Small site;3,949
Small site;3,814
Small site;3,871
Small site;3,909
Small site;3,912
Small site;4,712
Small site;4,09
Small site;4,474
Small site;1,227
Small site;3,115
Small site;2,95
Small site;3,766
Small site;4,028
Small site;4,802
Small site;1,644
Small site;1,51
Small site;1,399
Small site;1,265
Small site;1,283
Small site;1,389
Small site;0,931
Small site;1
Small site;0,969
Small site;1,481
Small site;1,626
Small site;1,838
Small site;1,271
Small site;1,13
Small site;0,97
Small site;0,88
Small site;3,166
Small site;3,51
Small site;1,248
Small site;1,139
Small site;0,998
Small site;3,133
Small site;3,857
Small site;3,914
Small site;3,946
Small site;3,929
Small site;4,808
Small site;4,107
Small site;4,545
Small site;1,197
Small site;3,081
Small site;3,778
Small site;4,059
Small site;1,613
Small site;1,485
Small site;1,287
Small site;1,326
Small site;1,276
Small site;1,413
Small site;1,62
Small site;1,101
Small site;1,045
Small site;1,003
Small site;0,977
Small site;1,497
Small site;1,388
Small site;0,134
Small site;0,326
Small site;0,902
Small site;0,913
Small site;0,918
Small site;0,846
Small site;0,808
Small site;0,664
Small site;1,409
Small site;1,525
Small site;1,661
Small site;1,864
Small site;1,343
Small site;0,952
Small site;0,987
Small site;1,026
Small site;0,77
Small site;0,725
Small site;0,973
Small site;0,733
Small site;0,786
Small site;0,768
Small site;2,017
Small site;1,905
Small site;0,565
Small site;0,69
Small site;0,748
Small site;0,678
Small site;0,711
Small site;0,563
Small site;2,043
Small site;2,172
Small site;2,367
Small site;0,952
Small site;1,113
Small site;1,188
Small site;0,563
Small site;0,494
Small site;1,002
Small site;0,758
Small site;0,806
Small site;0,774
Small site;1,854
Small site;1,897
Small site;1,786
Small site;3,657
Small site;4,306
Small site;4,484
Small site;4,403
Small site;0,605
Small site;0,698
Small site;0,742
Small site;0,669
Small site;0,684
Small site;1,813
Small site;1,923
Small site;2,052
Small site;2,248
Small site;1,747
Small site;0,91
Small site;1,048
Small site;1,117
Small site;0,954
Small site;3,192
Small site;3,579
Small site;3,262
Small site;3,056
Small site;3,816
Small site;0,805
Small site;0,849
Small site;0,81
Small site;1,777
Small site;1,821
Small site;1,71
Small site;1,506
Small site;3,429
Small site;3,585
Small site;3,941
Small site;4,121
Small site;4,178
Small site;4,222
Small site;4,247
Small site;4,425
Small site;4,742
Small site;1,616
Small site;3,129
Small site;3,05
Small site;3,494
Small site;3,326
Small site;3,139
Small site;4,105
Small site;4,347
Small site;0,326
Small site;0,078
Small site;0,66
Small site;0,735
Small site;0,771
Small site;0,697
Small site;0,7
Small site;0,543
Small site;1,735
Small site;1,847
Small site;1,978
Small site;2,176
Small site;1,619
Small site;1,669
Small site;1,538
Small site;0,913
Small site;1,032
Small site;1,097
Small site;3,16
Small site;0,593
Small site;0,53
Small site;0,419
Small site;0,953
Small site;4,222
Small site;3,916
Small site;0,079
Small site;2,086
Small site;2,104
Small site;1,978
Small site;2,047
Small site;4,188
Small site;4,916
Small site;4,956
Small site;4,96
Small site;2,251
Small site;4,138
Small site;3,978
Small site;4,813
Small site;0,918
Small site;0,748
Small site;0,742
Small site;0,771
Small site;0,303
Small site;0,095
Small site;0,075
Small site;0,254
Small site;2,101
Small site;2,177
Small site;2,317
Small site;2,119
Small site;2,058
Small site;2,098
Small site;0,388
Small site;0,185
Small site;0,254
Small site;0,451
Small site;4,155
Small site;0,135
Small site;2,06
Small site;1,934
Small site;1,984
Small site;4,124
Small site;4,07
Small site;0,846
Small site;0,678
Small site;0,669
Small site;0,697
Small site;0,075
Small site;2,06
Small site;2,141
Small site;2,286
Small site;2,059
Small site;2,005
Small site;2,033
Small site;0,317
Small site;0,186
Small site;0,382
Small site;4,097
Small site;1,966
Small site;1,84
Small site;1,915
Small site;4,058
Small site;4,012
Small site;3,854
Small site;0,808
Small site;0,711
Small site;0,684
Small site;0,7
Small site;1,964
Small site;2,041
Small site;2,184
Small site;1,985
Small site;1,92
Small site;1,967
Small site;0,357
Small site;0,185
Small site;0,244
Small site;0,335
Small site;0,318
Small site;1,906
Small site;1,782
Small site;0,664
Small site;0,563
Small site;0,543
Small site;0,254
Small site;1,91
Small site;2
Small site;2,156
Small site;1,838
Small site;0,225
Small site;0,16
Small site;0,199
Small site;1,297
Small site;0,728
Small site;0,938
Small site;0,904
Small site;0,565
Small site;0,769
Small site;0,614
Small site;1,834
Small site;0,726
Small site;0,686
Small site;0,565
Small site;0,196
Small site;2,473
Small site;1,507
Small site;2,181
Small site;3,774
Small site;2,238
Small site;2,23
Small site;2,114
Small site;1,903
Small site;1,788
Small site;2,251
Small site;2,27
Small site;2,274
Small site;2,216
Small site;1,978
Small site;2,188
Small site;2,047
Small site;1,908
Small site;1,934
Small site;1,614
Small site;1,662
Small site;1,659
Small site;1,481
Small site;1,276
Small site;1,525
Small site;2,043
Small site;1,923
Small site;1,847
Small site;2,26
Small site;2,157
Small site;2,101
Small site;2,06
Small site;1,964
Small site;1,91
Small site;1,42
Small site;0,255
Small site;0,385
Small site;1,891
Small site;1,625
Small site;2,019
Small site;2,105
Small site;2,29
Small site;1,984
Small site;1,739
Small site;1,779
Small site;1,997
Small site;2,058
Small site;2,053
Small site;1,595
Small site;1,532
Small site;0,406
Small site;0,596
Small site;1,014
Small site;1,036
Small site;1,062
Small site;0,562
Small site;0,389
Small site;0,771
Small site;0,519
Small site;0,114
Small site;0,384
Small site;0,496
Small site;1,744
Small site;2,14
Small site;0,206
Small site;0,233
Small site;0,229
Small site;0,22
Small site;0,421
Small site;0,765
Small site;0,897
Small site;0,581
Small site;0,187
Small site;0,28
Small site;1,345
Small site;0,669
Small site;0,252
Small site;0,397
Small site;0,812
Small site;0,841
Small site;0,861
Small site;1,989
Small site;2,047
Small site;0,409
Small site;0,595
Small site;0,4
Small site;0,195
Small site;0,37
Small site;0,31
Small site;1,755
Small site;1,765
Small site;1,937
Small site;2,057
Small site;1,845
Small site;2,145
Small site;1,996
Small site;0,206
Small site;0,221
Small site;0,573
Small site;0,702
Small site;0,326
Small site;1,2
Small site;0,601
Small site;0,991
Small site;1,043
Small site;1,044
Small site;0,395
Small site;0,302
Small site;0,322
Small site;0,138
Small site;0,388
Small site;1,958
Small site;1,951
Small site;2,108
Small site;2,232
Small site;2,036
Small site;2,352
Small site;2,051
Small site;0,229
Small site;0,36
Small site;0,643
Small site;0,777
Small site;0,16
Small site;1,441
Small site;2,384
Small site;2,134
Small site;1,278
Small site;2,135
Small site;0,308
Small site;2,261
Small site;3,321
Small site;3,492
Small site;3,158
Small site;3,512
Small site;2,045
Small site;1,967
Small site;1,95
Small site;1,84
Small site;1,621
Small site;1,487
Small site;1,888
Small site;1,899
Small site;1,919
Small site;1,864
Small site;1,633
Small site;1,856
Small site;1,7
Small site;1,553
Small site;1,7
Small site;1,392
Small site;1,456
Small site;1,471
Small site;1,271
Small site;1,101
Small site;1,343
Small site;1,747
Small site;1,669
Small site;2,168
Small site;2,098
Small site;2,058
Small site;2,005
Small site;1,92
Small site;1,838
Small site;1,09
Small site;0,385
Small site;0,567
Small site;0,802
Small site;1,898
Small site;1,69
Small site;1,906
Small site;1,767
Small site;1,942
Small site;1,647
Small site;1,57
Small site;1,489
Small site;1,55
Small site;1,801
Small site;1,982
Small site;1,964
Small site;1,277
Small site;1,209
Small site;1,703
Small site;1,102
Small site;2,168
Small site;0,589
Small site;0,073
Small site;1,797
Small site;0,698
Small site;1,663
Small site;1,63
Small site;1,538
Small site;1,315
Small site;1,152
Small site;1,413
Small site;1,408
Small site;1,175
Small site;1,46
Small site;1,413
Small site;1,201
Small site;1,444
Small site;1,26
Small site;1,102
Small site;1,146
Small site;1,475
Small site;1,216
Small site;1,301
Small site;1,343
Small site;1,13
Small site;1,045
Small site;1,538
Small site;2,116
Small site;2,098
Small site;2,033
Small site;1,967
Small site;0,726
Small site;2,013
Small site;1,888
Small site;1,347
Small site;1,497
Small site;1,231
Small site;1,337
Small site;1,252
Small site;1,346
Small site;0,922
Small site;0,848
Small site;2,003
Small site;0,631
Small site;0,686
Small site;1,244
Small site;1,372
Small site;1,54
Small site;0,684
Small site;2,203
Small site;2,258
Small site;2,085
Small site;0,249
Small site;0,299
Small site;0,428
Small site;0,671
Small site;0,407
Small site;0,439
Small site;0,347
Small site;0,106
Small site;1,652
Small site;1,585
Small site;1,692
Small site;1,86
Small site;1,892
Small site;2,078
Small site;2,194
Small site;1,966
Small site;2,241
Small site;1,81
Small site;1,985
Small site;2,204
Small site;2,064
Small site;0,751
Small site;0,421
Small site;0,221
Small site;0,306
Small site;0,36
Small site;0,215
Small site;0,353
Small site;0,481
Small site;0,497
Small site;0,588
Small site;0,606
Small site;1,133
Small site;0,653
Small site;0,756
Small site;1,469
Small site;1,633
Small site;1,787
Small site;0,709
Small site;2,462
Small site;2,521
Small site;2,337
Small site;1,081
Small site;0,094
Small site;0,131
Small site;0,822
Small site;1,343
Small site;1,492
Small site;1,914
Small site;1,848
Small site;1,938
Small site;2,133
Small site;2,173
Small site;2,361
Small site;2,476
Small site;2,245
Small site;2,51
Small site;2,064
Small site;2,236
Small site;2,471
Small site;2,312
Small site;1,028
Small site;0,643
Small site;0,186
Small site;0,307
Small site;0,713
Small site;0,776
Small site;1,294
Small site;0,459
Small site;0,522
Small site;0,485
Small site;1,593
Small site;1,724
Small site;1,893
Small site;2,554
Small site;2,608
Small site;2,437
Small site;1,243
Small site;1,283
Small site;1,217
Small site;0,273
Small site;0,383
Small site;0,748
Small site;0,979
Small site;0,76
Small site;0,543
Small site;0,724
Small site;0,678
Small site;0,269
Small site;1,465
Small site;1,622
Small site;2,003
Small site;1,936
Small site;2,122
Small site;2,045
Small site;2,106
Small site;2,163
Small site;2,363
Small site;2,473
Small site;2,229
Small site;2,472
Small site;2,162
Small site;2,338
Small site;2,553
Small site;2,417
Small site;1,235
Small site;1,095
Small site;0,765
Small site;0,573
Small site;0,596
Small site;0,643
Small site;0,546
Small site;0,353
Small site;0,186
Small site;0,801
Small site;0,876
Small site;0,924
Small site;1,066
Small site;0,84
Small site;0,937
Small site;1,39
Small site;1,593
Small site;1,727
Small site;0,895
Small site;2,415
Small site;2,478
Small site;2,28
Small site;1,049
Small site;0,99
Small site;0,708
Small site;1,268
Small site;1,404
Small site;1,873
Small site;1,81
Small site;1,877
Small site;2,211
Small site;2,233
Small site;2,41
Small site;2,529
Small site;2,31
Small site;2,595
Small site;2,012
Small site;2,178
Small site;2,434
Small site;2,249
Small site;0,36
Small site;0,091
Small site;0,544
Small site;0,59
Small site;0,676
Small site;1,456
Small site;0,078
Small site;0,929
Small site;1,023
Small site;1,352
Small site;1,573
Small site;1,696
Small site;0,984
Small site;2,388
Small site;2,453
Small site;2,249
Small site;1,004
Small site;0,949
Small site;0,118
Small site;0,499
Small site;0,657
Small site;0,208
Small site;0,666
Small site;0,833
Small site;0,705
Small site;1,232
Small site;1,361
Small site;1,852
Small site;1,789
Small site;1,844
Small site;2,245
Small site;2,259
Small site;2,43
Small site;2,551
Small site;2,338
Small site;2,633
Small site;1,984
Small site;2,146
Small site;2,412
Small site;2,215
Small site;1,032
Small site;0,581
Small site;0,494
Small site;0,576
Small site;0,091
Small site;0,536
Small site;0,634
Small site;1,532
Small site;0,146
Small site;0,718
Small site;1,124
Small site;1,163
Small site;1,175
Small site;0,555
Small site;0,446
Small site;0,778
Small site;0,479
Small site;0,534
Small site;0,54
Small site;2,315
Small site;0,187
Small site;0,326
Small site;0,16
Small site;0,497
Small site;0,801
Small site;0,935
Small site;1,516
Small site;0,622
Small site;0,815
Small site;1,217
Small site;1,261
Small site;1,27
Small site;1,88
Small site;1,948
Small site;1,732
Small site;0,619
Small site;0,533
Small site;0,842
Small site;0,532
Small site;0,122
Small site;0,744
Small site;0,622
Small site;2,384
Small site;1,654
Small site;1,916
Small site;0,28
Small site;0,254
Small site;0,588
Small site;0,876
Small site;1,009
Small site;0,59
Small site;0,13
Small site;1,616
Small site;0,666
Small site;0,807
Small site;1,222
Small site;1,251
Small site;1,272
Small site;0,685
Small site;0,56
Small site;0,907
Small site;0,611
Small site;0,84
Small site;0,603
Small site;0,659
Small site;1,608
Small site;0,37
Small site;0,606
Small site;0,776
Small site;0,924
Small site;1,058
Small site;0,676
Small site;0,634
Small site;0,13
Small site;1,562
Small site;0,754
Small site;4,155
Small site;3,857
Small site;4,527
Small site;4,977
Small site;1,896
Small site;1,903
Small site;1,776
Small site;1,955
Small site;4,124
Small site;4,095
Small site;4,716
Small site;4,873
Small site;4,93
Small site;4,964
Small site;4,945
Small site;2,204
Small site;4,071
Small site;3,918
Small site;4,793
Small site;2,304
Small site;2,339
Small site;0,957
Small site;0,952
Small site;0,952
Small site;0,91
Small site;0,913
Small site;1,891
Small site;1,948
Small site;2,067
Small site;2,005
Small site;1,898
Small site;2,013
Small site;0,163
Small site;0,504
Small site;4,465
Small site;4,952
Small site;4,682
Small site;4,827
Small site;4,884
Small site;4,912
Small site;4,875
Small site;4,72
Small site;2,596
Small site;2,471
Small site;2,258
Small site;2,306
Small site;1,027
Small site;0,987
Small site;1,113
Small site;1,048
Small site;1,032
Small site;4,021
Small site;4,457
Small site;4,958
Small site;1,652
Small site;1,648
Small site;1,522
Small site;1,824
Small site;4,048
Small site;3,934
Small site;4,684
Small site;4,825
Small site;4,882
Small site;4,908
Small site;4,864
Small site;2,117
Small site;3,938
Small site;3,793
Small site;4,708
Small site;2,764
Small site;2,616
Small site;2,487
Small site;2,259
Small site;2,312
Small site;1,077
Small site;1,003
Small site;1,026
Small site;1,188
Small site;1,117
Small site;1,097
Small site;1,625
Small site;1,659
Small site;1,756
Small site;1,847
Small site;1,69
Small site;1,888
Small site;0,067
Small site;0,237
Small site;0,051
Small site;0,172
Small site;0,237
Small site;0,286
Small site;0,361
Small site;0,119
Small site;0,051
Small site;0,286
Small site;3,101
Small site;3,472
Small site;3,152
Small site;3,175
Small site;3,678
Small site;4,024
Small site;3,885
Small site;4,001
Small site;4,154
Small site;4,397
Small site;4,718
Small site;1,458
Small site;3,296
Small site;3,493
Small site;4,018
Small site;3,788
Small site;4,042
Small site;3,973
Small site;4,03
Small site;4,077
Small site;4,111
Small site;4,772
Small site;4,288
Small site;4,582
Small site;1,528
Small site;3,037
Small site;2,956
Small site;3,388
Small site;3,218
Small site;3,03
Small site;3,972
Small site;4,204
Small site;4,857
Small site;1,707
Small site;1,608
Small site;1,535
Small site;1,517
Small site;1,504
Small site;1,493
Small site;0,5
Small site;0,924
Small site;0,886
Small site;1,583
Small site;1,483
Small site;0,898
Small site;3,062
Small site;0,852
Small site;0,66
Small site;0,363
Small site;0,713
Small site;0,247
Small site;0,197
Small site;0,074
Small site;2,607
Small site;2,885
Small site;2,56
Small site;2,46
Small site;2,928
Small site;3,182
Small site;3,031
Small site;1,111
Small site;1,194
Small site;0,932
Small site;0,886
Small site;0,808
Small site;2,044
Small site;1,983
Small site;1,368
Small site;2,577
Small site;2,981
Small site;2,968
Small site;3,178
Small site;3,174
Small site;3,23
Small site;3,287
Small site;3,364
Small site;3,888
Small site;3,538
Small site;3,726
Small site;1,201
Small site;2,804
Small site;2,626
Small site;2,442
Small site;3,24
Small site;3,423
Small site;0,855
Small site;0,86
Small site;0,815
Small site;0,813
Small site;0,844
Small site;0,891
Small site;1,012
Small site;0,935
Small site;0,599
Small site;0,527
Small site;0,542
Small site;0,486
Small site;0,424
Small site;0,151
Small site;0,103
Small site;0,723
Small site;0,779
Small site;0,88
Small site;0,97
Small site;0,686
Small site;0,896
Small site;2,105
Small site;2,282
Small site;2,519
Small site;1,767
Small site;1,347
Small site;0,898
Small site;2,531
Small site;0,726
Small site;0,711
Small site;0,811
Small site;0,527
Small site;0,578
Small site;2,557
Small site;3,234
Small site;0,183
Small site;0,238
Small site;2,588
Small site;2,544
Small site;2,544
Small site;2,608
Small site;2,701
Small site;2,732
Small site;2,927
Small site;2,96
Small site;3,112
Small site;3,149
Small site;2,999
Small site;3,173
Small site;3,268
Small site;3,525
Small site;3,3
Small site;3,552
Small site;4,092
Small site;0,378
Small site;0,48
Small site;2,798
Small site;2,866
Small site;2,763
Small site;2,694
Small site;3,361
Small site;3,123
Small site;0,106
Small site;2,999
Small site;3,188
Small site;3,27
Small site;2,92
Small site;3,38
Small site;2,756
Small site;3,281
Small site;2,765
Small site;2,469
Small site;2,268
Small site;1,797
Small site;2,044
Small site;2,142
Small site;2,245
Small site;1,481
Small site;2,512
Small site;3,335
Small site;0,223
Small site;0,176
Small site;0,38
Small site;1,548
Small site;1,712
Small site;2,06
Small site;1,939
Small site;2,241
Small site;2,45
Small site;2,294
Small site;2,715
Small site;2,641
Small site;2,753
Small site;2,849
Small site;2,604
Small site;2,66
Small site;3,11
Small site;2,701
Small site;2,669
Small site;2,807
Small site;3,009
Small site;3,199
Small site;3,231
Small site;3,003
Small site;3,221
Small site;3,34
Small site;3,629
Small site;3,346
Small site;3,64
Small site;4,197
Small site;0,987
Small site;3,071
Small site;3,001
Small site;2,711
Small site;1,768
Small site;2,742
Small site;3,453
Small site;3,231
Small site;0,198
Small site;3,093
Small site;3,308
Small site;3,386
Small site;2,931
Small site;3,492
Small site;2,843
Small site;3,03
Small site;3,025
Small site;2,767
Small site;2,6
Small site;2,342
Small site;2,556
Small site;2,334
Small site;2,223
Small site;2,51
Small site;3,47
Small site;0,078
Small site;1,013
Small site;0,821
Small site;1,002
Small site;0,195
Small site;2,048
Small site;2,12
Small site;3,265
Small site;3,131
Small site;2,281
Small site;2,389
Small site;2,917
Small site;2,439
Small site;1,916
Small site;3,202
Small site;2,406
Small site;2,382
Small site;2,282
Small site;3,206
Small site;2,545
Small site;2,776
Small site;2,587
Small site;2,68
Small site;2,706
Small site;2,754
Small site;2,921
Small site;2,744
Small site;2,646
Small site;2,721
Small site;3,097
Small site;3,321
Small site;3,348
Small site;3,046
Small site;3,304
Small site;3,448
Small site;3,764
Small site;3,427
Small site;3,761
Small site;4,331
Small site;1,782
Small site;2,235
Small site;2,215
Small site;2,068
Small site;2,436
Small site;2,435
Small site;2,991
Small site;3,135
Small site;3,326
Small site;3,613
Small site;3,359
Small site;3,429
Small site;3,358
Small site;2,98
Small site;2,889
Small site;2,805
Small site;2,971
Small site;2,818
Small site;2,693
Small site;2,449
Small site;2,272
Small site;2,286
Small site;2,87
Small site;2,832
Small site;2,699
Small site;2,83
Small site;3,577
Small site;3,371
Small site;2,794
Small site;3,312
Small site;2,893
Small site;1,966
Small site;3,222
Small site;3,46
Small site;3,533
Small site;2,982
Small site;3,635
Small site;2,137
Small site;2,968
Small site;0,215
Small site;4,059
Small site;3,885
Small site;3,352
Small site;2,713
Small site;2,536
Small site;2,101
Small site;2,113
Small site;2,116
Small site;2,032
Small site;2,151
Small site;2,278
Small site;0,71
Small site;0,827
Small site;0,374
Small site;0,697
Small site;0,241
Small site;0,283
Small site;0,6
Small site;3,364
Small site;1,529
Small site;1,933
Small site;2,851
Small site;2,45
Small site;3,087
Small site;3,103
Small site;3,205
Small site;1,753
Small site;1,838
Small site;3,538
Small site;2,106
Small site;2,375
Small site;2,781
Small site;2,174
Small site;2,199
Small site;2,249
Small site;2,365
Small site;2,38
Small site;2,391
Small site;2,554
Small site;2,505
Small site;2,619
Small site;3,105
Small site;0,962
Small site;0,747
Small site;0,295
Small site;0,244
Small site;0,463
Small site;0,799
Small site;4,192
Small site;4,032
Small site;3,919
Small site;3,849
Small site;3,563
Small site;2,362
Small site;1,407
Small site;1,932
Small site;2,428
Small site;4,077
Small site;2,073
Small site;2,265
Small site;2,393
Small site;4,059
Small site;3,901
Small site;3,802
Small site;2,643
Small site;2,475
Small site;2,061
Small site;2,033
Small site;2,019
Small site;1,908
Small site;1,999
Small site;2,049
Small site;0,923
Small site;0,588
Small site;0,836
Small site;0,37
Small site;0,136
Small site;0,564
Small site;0,435
Small site;1,352
Small site;1,016
Small site;3,362
Small site;1,436
Small site;1,848
Small site;2,803
Small site;2,372
Small site;3,029
Small site;1,412
Small site;3,042
Small site;3,142
Small site;1,542
Small site;1,629
Small site;3,483
Small site;1,922
Small site;2,228
Small site;2,666
Small site;1,96
Small site;1,973
Small site;2,023
Small site;2,17
Small site;2,164
Small site;2,167
Small site;2,325
Small site;2,288
Small site;2,39
Small site;2,876
Small site;1,082
Small site;1,182
Small site;0,966
Small site;0,462
Small site;0,69
Small site;4,694
Small site;4,221
Small site;4,146
Small site;4,113
Small site;4,036
Small site;3,932
Small site;3,872
Small site;3,601
Small site;3,5
Small site;3,517
Small site;2,207
Small site;1,289
Small site;0,984
Small site;1,723
Small site;2,2
Small site;1,927
Small site;1,58
Small site;4,102
Small site;1,058
Small site;1,846
Small site;1,958
Small site;2,047
Small site;2,068
Small site;2,164
Small site;0,384
Small site;1,638
Small site;4,53
Small site;4,391
Small site;3,025
Small site;2,874
Small site;2,367
Small site;2,2
Small site;2,217
Small site;1,822
Small site;2,276
Small site;2,23
Small site;1,406
Small site;1,534
Small site;2,23
Small site;1,383
Small site;3,834
Small site;3,219
Small site;2,746
Small site;3,427
Small site;1,306
Small site;3,434
Small site;3,531
Small site;1,542
Small site;1,636
Small site;3,879
Small site;2,031
Small site;2,451
Small site;2,958
Small site;3,179
Small site;1,913
Small site;1,8
Small site;1,86
Small site;2,226
Small site;2,093
Small site;2,017
Small site;2,066
Small site;2,207
Small site;2,17
Small site;2,58
Small site;0,095
Small site;0,139
Small site;4,722
Small site;4,513
Small site;4,418
Small site;3,93
Small site;2,407
Small site;1,724
Small site;1,989
Small site;1,694
Small site;1,437
Small site;1,941
Small site;2,231
Small site;2,298
Small site;4,6
Small site;1,668
Small site;1,681
Small site;1,774
Small site;2,119
Small site;1,893
Small site;1,518
Small site;1,312
Small site;4,521
Small site;3,897
Small site;3,768
Small site;3,442
Small site;3,294
Small site;3,222
Small site;3,003
Small site;2,933
Small site;1,904
Small site;3,274
Small site;3,23
Small site;3,308
Small site;3,026
Small site;2,366
Small site;2,52
Small site;3,253
Small site;1,316
Small site;2,404
Small site;0,923
Small site;4,953
Small site;2,091
Small site;0,395
Small site;0,905
Small site;3,436
Small site;2,707
Small site;2,295
Small site;4,796
Small site;2,721
Small site;1,912
Small site;3,109
Small site;1,728
Small site;4,126
Small site;3,615
Small site;4,31
Small site;1,742
Small site;4,308
Small site;4,401
Small site;2,068
Small site;2,153
Small site;2,627
Small site;3,157
Small site;3,725
Small site;3,964
Small site;2,302
Small site;1,994
Small site;2,059
Small site;2,726
Small site;2,414
Small site;2,213
Small site;2,03
Small site;2,493
Small site;2,199
Small site;2,625
Small site;2,384
Small site;4,692
Small site;2,345
Small site;2,562
Small site;2,459
Small site;2,374
Small site;1,743
Small site;1,538
Small site;1,133
Small site;1,308
Small site;1,122
Small site;1,367
Small site;0,881
Small site;4,822
Small site;4,696
Small site;3,087
Small site;2,514
Small site;2,115
Small site;2,218
Small site;1,312
Small site;2,069
Small site;1,794
Small site;1,235
Small site;1,476
Small site;4,566
Small site;2,919
Small site;3,239
Small site;3,312
Small site;2,159
Small site;1,883
Small site;1,688
Small site;1,768
Small site;2,624
Small site;1,866
Small site;2,833
Small site;1,872
Small site;1,017
Small site;1,109
Small site;1,299
Small site;1,441
Small site;4,728
Small site;4,687
Small site;0,453
Small site;3,589
Small site;2,76
Small site;2,113
Small site;3,288
Small site;1,373
Small site;3,775
Small site;3,574
Small site;4,707
Small site;2,139
Small site;4,723
Small site;2,087
Small site;0,825
Small site;1,981
Small site;4,086
Small site;4,648
Small site;4,765
Small site;0,776
Small site;4,701
Small site;3,965
Small site;1,353
Small site;1,537
Small site;2,774
Small site;2,831
Small site;2,869
Small site;3,818
Small site;3,909
Small site;4,202
Small site;4,295
Small site;4,326
Small site;4,673
Small site;4,471
Small site;4,531
Small site;4,681
Small site;4,728
Small site;4,761
Small site;4,778
Small site;3,274
Small site;1,573
Small site;2,665
Small site;2,635
Small site;2,722
Small site;2,629
Small site;3,015
Small site;2,828
Small site;2,921
Small site;2,284
Small site;2,416
Small site;1,724
Small site;3,062
Small site;2,531
Small site;2,893
Small site;4,077
Small site;4,102
Small site;4,952
Small site;4,425
Small site;2,553
Small site;2,92
Small site;0,591
Small site;4,725
Small site;3,198
Small site;3,08
Small site;2,605
Small site;2,523
Small site;2,291
Small site;2,208
Small site;1,296
Small site;2,803
Small site;2,062
Small site;2,054
Small site;2,424
Small site;1,012
Small site;3,44
Small site;2,918
Small site;3,613
Small site;1,02
Small site;1,342
Small site;1,428
Small site;1,899
Small site;2,43
Small site;3,244
Small site;1,599
Small site;1,342
Small site;1,406
Small site;2,007
Small site;1,73
Small site;1,566
Small site;1,489
Small site;1,628
Small site;1,064
Small site;0,324
Small site;0,159
Small site;4,744
Small site;2,359
Small site;1,84
Small site;1,443
Small site;1,495
Small site;0,584
Small site;1,173
Small site;0,51
Small site;0,445
Small site;4,952
Small site;1,218
Small site;1,109
Small site;1,2
Small site;1,904
Small site;1,313
Small site;1,167
Small site;3,832
Small site;1,253
Small site;1,242
Small site;1,74
Small site;1,529
Small site;1,991
Small site;2,059
Small site;1,637
Small site;1,585
Small site;1,402
Small site;1,142
Small site;1,936
Small site;1,061
Small site;1,151
Small site;2,315
Small site;1,508
Small site;0,747
Small site;1,852
Small site;1,359
Small site;0,668
Small site;1,356
Small site;2,095
Small site;0,62
Small site;0,264
Small site;0,58
Small site;1,967
Small site;1,458
Small site;0,791
Small site;0,91
Small site;1,172
Small site;1,139
Small site;1,364
Small site;1,193
Small site;1,351
Small site;1,481
Small site;1,801
Small site;2,382
Small site;2,811
Small site;1,864
Small site;0,911
Small site;0,923
Small site;0,264
Small site;1,902
Small site;1,883
Small site;1,299
Small site;0,99
Small site;1,382
Small site;1,154
Small site;1,366
Small site;1,291
Small site;1,49
Small site;1,084
Small site;1,404
Small site;1,342
Small site;1,623
Small site;1,857
Small site;2,277
Small site;2,289
Small site;2,732
Small site;1,149
Small site;0,363
Small site;0,872
Small site;1,621
Small site;3,308
Small site;1,058
Small site;2,159
Small site;1,478
Small site;1,709
Small site;1,719
Small site;4,997
Small site;1,486
Small site;2,215
Small site;0,881
Small site;1,268
Small site;1,69
Small site;0,254
Small site;4,624
Small site;3,196
Small site;3,296
Small site;3,245
Small site;2,984
Small site;3,006
Small site;2,703
Small site;2,659
Small site;3,07
Small site;2,395
Small site;2,303
Small site;3,319
Small site;2,436
Small site;4,957
Small site;2,131
Small site;3,185
Small site;2,069
Small site;2,419
Small site;1,981
Small site;2,297
Small site;1,816
Small site;1,88
Small site;1,685
Small site;1,797
Small site;1,591
Small site;1,451
Small site;1,748
Small site;1,845
Small site;0,856
Small site;2,86
Small site;0,579
Small site;0,553
Small site;4,027
Small site;4,016
Small site;3,107
Small site;2,18
Small site;2,198
Small site;2,274
Small site;2,976
Small site;2,925
Small site;2,763
Small site;2,288
Small site;1,113
Small site;1,884
Small site;2,307
Small site;2,534
Small site;1,886
Small site;2,099
Small site;1,966
Small site;1,561
Small site;2,07
Small site;1,08
Small site;2,321
Small site;2,358
Small site;0,917
Small site;1,649
Small site;1,717
Small site;1,338
Small site;1,357
Small site;1,573
Small site;2,061
Small site;1,781
Small site;2,625
Small site;2,689
Small site;1,307
Small site;0,762
Small site;0,2
Small site;0,769
Small site;0,8
Small site;4,126
Small site;4,521
Small site;4,553
Small site;4,714
Small site;4,816
Small site;3,092
Small site;3,204
Small site;2,999
Small site;3,093
Small site;3,222
Small site;1,846
Small site;1,668
Small site;1,883
Small site;1,218
Small site;0,381
Small site;2,921
Small site;1,355
Small site;0,257
Small site;1,735
Small site;2,352
Small site;0,959
Small site;1,245
Small site;1,489
Small site;3,627
Small site;3,399
Small site;3,519
Small site;3,467
Small site;3,228
Small site;2,857
Small site;2,904
Small site;2,817
Small site;3,318
Small site;2,534
Small site;2,316
Small site;3,613
Small site;2,63
Small site;2,281
Small site;3,491
Small site;2,227
Small site;2,258
Small site;2,095
Small site;2,15
Small site;1,799
Small site;2,086
Small site;1,631
Small site;1,675
Small site;1,579
Small site;1,607
Small site;1,543
Small site;2,155
Small site;1,08
Small site;3,219
Small site;0,744
Small site;4,348
Small site;4,33
Small site;3,416
Small site;2,471
Small site;2,48
Small site;2,546
Small site;3,126
Small site;3,064
Small site;2,91
Small site;2,43
Small site;1,323
Small site;2,022
Small site;2,429
Small site;2,637
Small site;1,98
Small site;2,178
Small site;2,038
Small site;1,6
Small site;2,108
Small site;1,095
Small site;2,342
Small site;2,363
Small site;1,633
Small site;1,696
Small site;1,293
Small site;1,221
Small site;1,403
Small site;1,872
Small site;1,527
Small site;2,461
Small site;2,518
Small site;0,167
Small site;0,246
Small site;4,423
Small site;4,828
Small site;4,862
Small site;3,286
Small site;3,433
Small site;3,188
Small site;3,308
Small site;3,46
Small site;1,958
Small site;1,681
Small site;1,688
Small site;1,109
Small site;0,094
Small site;3,123
Small site;1,186
Small site;1,804
Small site;2,44
Small site;1,048
Small site;1,339
Small site;1,569
Small site;4,95
Small site;3,706
Small site;3,479
Small site;3,595
Small site;3,544
Small site;3,239
Small site;3,304
Small site;2,942
Small site;2,987
Small site;2,902
Small site;3,39
Small site;2,621
Small site;2,41
Small site;3,672
Small site;2,711
Small site;2,366
Small site;3,546
Small site;2,312
Small site;2,341
Small site;2,184
Small site;2,236
Small site;1,892
Small site;2,164
Small site;1,724
Small site;1,764
Small site;1,672
Small site;1,691
Small site;1,621
Small site;2,208
Small site;2,112
Small site;1,151
Small site;3,24
Small site;0,83
Small site;0,955
Small site;0,968
Small site;4,397
Small site;4,382
Small site;3,47
Small site;2,53
Small site;2,543
Small site;2,611
Small site;3,213
Small site;3,152
Small site;2,996
Small site;2,517
Small site;1,399
Small site;2,109
Small site;2,518
Small site;2,727
Small site;2,071
Small site;2,27
Small site;2,13
Small site;1,693
Small site;2,201
Small site;1,188
Small site;2,435
Small site;2,456
Small site;1,726
Small site;1,79
Small site;1,386
Small site;1,31
Small site;1,487
Small site;1,953
Small site;1,595
Small site;2,544
Small site;2,6
Small site;1,642
Small site;0,184
Small site;0,339
Small site;4,482
Small site;4,883
Small site;4,916
Small site;3,367
Small site;3,509
Small site;3,27
Small site;3,386
Small site;3,533
Small site;2,047
Small site;1,774
Small site;1,768
Small site;1,2
Small site;3,203
Small site;1,271
Small site;0,618
Small site;2,335
Small site;1,377
Small site;1,832
Small site;2,445
Small site;4,282
Small site;3,263
Small site;3,063
Small site;3,101
Small site;3,052
Small site;2,957
Small site;2,826
Small site;2,741
Small site;2,689
Small site;2,802
Small site;2,98
Small site;2,495
Small site;2,693
Small site;2,87
Small site;2,38
Small site;2,228
Small site;2,15
Small site;3,098
Small site;2,185
Small site;2,959
Small site;2,24
Small site;2,303
Small site;1,851
Small site;2,247
Small site;2,449
Small site;2,096
Small site;1,635
Small site;2,507
Small site;2,38
Small site;0,489
Small site;0,388
Small site;0,107
Small site;0,466
Small site;1,869
Small site;1,977
Small site;3,007
Small site;2,986
Small site;2,814
Small site;2,389
Small site;2,04
Small site;2,457
Small site;2,713
Small site;2,146
Small site;2,371
Small site;2,265
Small site;3,027
Small site;1,976
Small site;2,431
Small site;1,623
Small site;2,695
Small site;1,581
Small site;2,154
Small site;2,221
Small site;1,926
Small site;2,06
Small site;2,3
Small site;2,788
Small site;2,589
Small site;3,302
Small site;3,373
Small site;0,41
Small site;3,735
Small site;3,645
Small site;3,994
Small site;4,017
Small site;4,225
Small site;4,223
Small site;4,342
Small site;4,451
Small site;4,437
Small site;4,336
Small site;2,994
Small site;2,993
Small site;2,92
Small site;2,931
Small site;2,982
Small site;2,265
Small site;2,068
Small site;2,119
Small site;2,624
Small site;1,904
Small site;2,806
Small site;2,04
Small site;2,095
Small site;4,239
Small site;1,902
Small site;2,554
Small site;1,165
Small site;1,457
Small site;1,666
Small site;3,813
Small site;3,587
Small site;3,7
Small site;3,648
Small site;3,351
Small site;3,409
Small site;3,056
Small site;3,098
Small site;3,016
Small site;3,489
Small site;2,736
Small site;2,528
Small site;3,758
Small site;2,819
Small site;2,48
Small site;3,627
Small site;2,425
Small site;2,443
Small site;2,3
Small site;2,341
Small site;2,01
Small site;2,27
Small site;1,84
Small site;1,874
Small site;1,791
Small site;1,803
Small site;1,717
Small site;2,288
Small site;2,186
Small site;1,253
Small site;3,28
Small site;0,936
Small site;1,024
Small site;1,027
Small site;0,408
Small site;4,471
Small site;4,46
Small site;3,55
Small site;2,617
Small site;2,632
Small site;2,704
Small site;3,327
Small site;3,267
Small site;3,111
Small site;2,631
Small site;1,503
Small site;2,223
Small site;2,634
Small site;2,845
Small site;2,188
Small site;2,388
Small site;2,248
Small site;1,812
Small site;2,32
Small site;1,307
Small site;2,554
Small site;2,575
Small site;1,844
Small site;1,908
Small site;1,503
Small site;1,42
Small site;1,591
Small site;2,051
Small site;1,677
Small site;2,645
Small site;2,7
Small site;1,734
Small site;1,026
Small site;0,265
Small site;4,566
Small site;4,964
Small site;4,996
Small site;3,476
Small site;3,612
Small site;3,38
Small site;3,492
Small site;3,635
Small site;2,164
Small site;1,893
Small site;1,866
Small site;1,313
Small site;3,311
Small site;1,377
Small site;3,402
Small site;2,7
Small site;2,841
Small site;2,482
Small site;2,281
Small site;1,804
Small site;2,016
Small site;2,1
Small site;2,175
Small site;2,425
Small site;3,159
Small site;0,326
Small site;0,321
Small site;0,528
Small site;1,546
Small site;1,62
Small site;2,634
Small site;2,438
Small site;2,749
Small site;1,628
Small site;1,894
Small site;2,492
Small site;2,288
Small site;2,755
Small site;2,467
Small site;2,79
Small site;2,889
Small site;2,449
Small site;2,51
Small site;3,166
Small site;2,583
Small site;2,595
Small site;2,779
Small site;2,862
Small site;3,03
Small site;3,065
Small site;2,883
Small site;3,074
Small site;3,18
Small site;3,452
Small site;3,2
Small site;3,471
Small site;4,02
Small site;0,507
Small site;0,598
Small site;1,568
Small site;2,839
Small site;3,146
Small site;2,858
Small site;2,928
Small site;3,356
Small site;3,138
Small site;2,63
Small site;2,594
Small site;3,282
Small site;3,052
Small site;2,833
Small site;2,921
Small site;3,123
Small site;3,203
Small site;2,806
Small site;3,311
Small site;2,674
Small site;4,358
Small site;4,216
Small site;4,128
Small site;2,868
Small site;2,713
Small site;2,331
Small site;2,252
Small site;2,215
Small site;2,059
Small site;2,093
Small site;2,122
Small site;1,272
Small site;1,388
Small site;2,063
Small site;0,937
Small site;0,66
Small site;1,22
Small site;0,24
Small site;0,349
Small site;0,893
Small site;2,29
Small site;1,599
Small site;3,662
Small site;1,653
Small site;2,064
Small site;3,055
Small site;2,589
Small site;3,267
Small site;3,275
Small site;3,373
Small site;1,565
Small site;3,72
Small site;1,934
Small site;2,327
Small site;2,82
Small site;3,036
Small site;1,863
Small site;2,146
Small site;2,051
Small site;2,002
Small site;2,169
Small site;2,621
Small site;1,275
Small site;1,516
Small site;1,433
Small site;1,304
Small site;0,48
Small site;0,338
Small site;0,412
Small site;4,981
Small site;4,547
Small site;4,475
Small site;4,449
Small site;4,34
Small site;4,244
Small site;4,194
Small site;3,832
Small site;3,768
Small site;3,514
Small site;2,289
Small site;1,474
Small site;1,657
Small site;1,796
Small site;2,073
Small site;2,137
Small site;4,425
Small site;1,172
Small site;2,04
Small site;0,825
Small site;4,967
Small site;4,906
Small site;3,435
Small site;3,319
Small site;2,844
Small site;2,76
Small site;2,525
Small site;2,431
Small site;1,393
Small site;3,034
Small site;3,044
Small site;2,303
Small site;2,295
Small site;1,45
Small site;2,664
Small site;1,246
Small site;3,68
Small site;0,442
Small site;3,156
Small site;3,85
Small site;1,217
Small site;1,547
Small site;1,629
Small site;2,107
Small site;2,65
Small site;3,229
Small site;3,471
Small site;1,77
Small site;1,47
Small site;1,535
Small site;2,196
Small site;1,883
Small site;1,691
Small site;1,548
Small site;1,965
Small site;1,705
Small site;1,96
Small site;4,384
Small site;1,305
Small site;0,529
Small site;0,57
Small site;4,986
Small site;4,962
Small site;4,364
Small site;4,332
Small site;2,576
Small site;2,081
Small site;1,684
Small site;1,691
Small site;0,8
Small site;1,278
Small site;0,715
Small site;0,64
Small site;0,961
Small site;3,12
Small site;1,719
Small site;1,355
Small site;1,186
Small site;1,271
Small site;2,095
Small site;1,377
Small site;1,34
Small site;1,009
Small site;0,939
Small site;1,866
Small site;1,745
Small site;1,978
Small site;2,392
Small site;1,383
Small site;1,348
Small site;1,408
Small site;1,746
Small site;1,743
Small site;1,683
Small site;1,327
Small site;1,195
Small site;1,289
Small site;1,415
Small site;1,431
Small site;1,642
Small site;1,17
Small site;1,212
Small site;0,988
Small site;0,879
Small site;1,032
Small site;1,188
Small site;1,762
Small site;1,947
Small site;1,886
Small site;2,221
Small site;2,103
Small site;0,105
Small site;2,139
Small site;2,316
Small site;2,411
Small site;1,561
Small site;1,216
Small site;1,345
Small site;1,2
Small site;1,393
Small site;1,441
Small site;1,607
Small site;1,271
Small site;1,133
Small site;1,294
Small site;1,532
Small site;1,516
Small site;1,616
Small site;1,562
Small site;1,318
Small site;1,466
Small site;1,112
Small site;0,792
Small site;1,194
Small site;1,174
Small site;0,586
Small site;1,232
Small site;1,372
Small site;1,098
Small site;0,465
Small site;0,937
Small site;0,871
Small site;1,439
Small site;1,399
Small site;1,535
Small site;1,662
Small site;1,49
Small site;1,835
Small site;1,096
Small site;1,273
Small site;1,354
Small site;1,066
Small site;1,19
Small site;1,318
Small site;0,402
Small site;0,418
Small site;0,346
Small site;2,639
Small site;2,883
Small site;2,56
Small site;2,861
Small site;3,065
Small site;2,906
Small site;2,967
Small site;3,117
Small site;3,345
Small site;3,664
Small site;2,226
Small site;2,171
Small site;1,525
Small site;2,527
Small site;3,003
Small site;2,866
Small site;3,045
Small site;3,081
Small site;3,137
Small site;3,198
Small site;3,296
Small site;3,991
Small site;3,734
Small site;3,598
Small site;4,424
Small site;4,725
Small site;4,282
Small site;4,621
Small site;4,806
Small site;4,735
Small site;1,319
Small site;2,575
Small site;2,481
Small site;2,804
Small site;2,626
Small site;3,179
Small site;3,338
Small site;3,814
Small site;4,963
Small site;0,775
Small site;0,777
Small site;0,821
Small site;0,874
Small site;0,929
Small site;1,098
Small site;1,004
Small site;0,229
Small site;0,369
Small site;0,457
Small site;0,104
Small site;0,091
Small site;2,29
Small site;2,469
Small site;2,707
Small site;1,942
Small site;1,497
Small site;2,553
Small site;4,239
Small site;0,795
Small site;0,687
Small site;1,922
Small site;1,862
Small site;1,25
Small site;2,911
Small site;1,095
Small site;0,867
Small site;0,854
Small site;0,623
Small site;0,543
Small site;0,438
Small site;0,338
Small site;0,213
Small site;0,639
Small site;0,741
Small site;0,801
Small site;0,88
Small site;0,565
Small site;0,775
Small site;1,984
Small site;2,161
Small site;2,399
Small site;1,647
Small site;1,231
Small site;0,852
Small site;0,669
Small site;0,641
Small site;0,751
Small site;0,459
Small site;3,289
Small site;2,968
Small site;3,485
Small site;3,831
Small site;4,213
Small site;4,534
Small site;1,773
Small site;1,319
Small site;3,318
Small site;3,594
Small site;3,779
Small site;3,836
Small site;3,883
Small site;3,918
Small site;4,88
Small site;4,586
Small site;4,095
Small site;4,39
Small site;1,358
Small site;3,205
Small site;3,034
Small site;3,78
Small site;4,01
Small site;4,671
Small site;1,517
Small site;1,415
Small site;1,341
Small site;1,319
Small site;1,304
Small site;0,241
Small site;0,739
Small site;0,726
Small site;1,814
Small site;1,967
Small site;1,57
Small site;1,337
Small site;0,726
Small site;0,669
Small site;3,213
Small site;3,42
Small site;3,779
Small site;4,498
Small site;1,697
Small site;1,603
Small site;1,234
Small site;3,238
Small site;3,539
Small site;3,721
Small site;3,777
Small site;3,823
Small site;3,852
Small site;4,848
Small site;4,546
Small site;4,03
Small site;4,341
Small site;1,276
Small site;3,128
Small site;2,958
Small site;3,713
Small site;3,948
Small site;4,632
Small site;1,473
Small site;1,363
Small site;1,282
Small site;1,243
Small site;1,232
Small site;0,518
Small site;0,394
Small site;0,242
Small site;0,706
Small site;0,723
Small site;0,108
Small site;1,739
Small site;1,894
Small site;2,114
Small site;1,489
Small site;1,252
Small site;0,711
Small site;0,641
Small site;0,124
Small site;0,437
Small site;0,217
Small site;2,054
Small site;1,929
Small site;0,77
Small site;0,563
Small site;0,593
Small site;0,185
Small site;0,185
Small site;2,058
Small site;2,148
Small site;2,303
Small site;1,982
Small site;0,203
Small site;0,069
Small site;0,332
Small site;0,281
Small site;2,046
Small site;1,922
Small site;0,725
Small site;0,494
Small site;0,53
Small site;0,254
Small site;0,186
Small site;0,244
Small site;0,16
Small site;2,053
Small site;2,148
Small site;2,309
Small site;1,964
Small site;0,135
Small site;0,069
Small site;0,311
Small site;0,517
Small site;1,736
Small site;1,614
Small site;0,419
Small site;0,517
Small site;0,451
Small site;0,382
Small site;0,335
Small site;0,199
Small site;1,745
Small site;1,845
Small site;2,013
Small site;0,504
Small site;0,332
Small site;0,311
Small site;1,468
Small site;0,924
Small site;0,96
Small site;0,795
Small site;0,745
Small site;0,708
Small site;0,432
Small site;0,599
Small site;0,636
Small site;0,524
Small site;0,196
Small site;1,595
Small site;2,004
Small site;1,277
Small site;0,922
Small site;0,527
Small site;0,41
Small site;0,437
Small site;0,56
Small site;0,075
Small site;1,407
Small site;0,85
Small site;0,742
Small site;0,47
Small site;0,657
Small site;0,122
Small site;1,532
Small site;1,944
Small site;0,848
Small site;0,578
Small site;0,459
Small site;0,614
Small site;0,823
Small site;0,928
Small site;1,468
Small site;1,669
Small site;1,804
Small site;0,878
Small site;2,492
Small site;2,554
Small site;2,358
Small site;1,127
Small site;1,068
Small site;0,182
Small site;0,604
Small site;0,786
Small site;1,346
Small site;1,482
Small site;1,949
Small site;1,886
Small site;1,954
Small site;2,262
Small site;2,289
Small site;2,47
Small site;2,588
Small site;2,365
Small site;2,644
Small site;2,089
Small site;2,255
Small site;2,51
Small site;2,326
Small site;1,098
Small site;0,669
Small site;0,432
Small site;0,343
Small site;0,441
Small site;0,146
Small site;0,622
Small site;0,666
Small site;0,754
Small site;1,466
Small site;0,35
Small site;0,77
Small site;0,785
Small site;0,816
Small site;0,47
Small site;0,479
Small site;0,176
Small site;0,272
Small site;0,348
Small site;1,666
Small site;1,681
Small site;1,858
Small site;1,977
Small site;1,76
Small site;2,054
Small site;0,252
Small site;0,593
Small site;0,716
Small site;1,112
Small site;4,146
Small site;3,85
Small site;4,53
Small site;4,989
Small site;1,944
Small site;4,125
Small site;4,081
Small site;4,726
Small site;4,88
Small site;4,937
Small site;4,969
Small site;4,946
Small site;2,201
Small site;4,062
Small site;3,91
Small site;4,793
Small site;2,31
Small site;2,348
Small site;0,986
Small site;0,973
Small site;1,002
Small site;0,954
Medium sites;3,96
Medium sites;3,908
Medium sites;3,672
Medium sites;3,52
Medium sites;3,205
Medium sites;3,329
Medium sites;2,921
Medium sites;2,722
Medium sites;2,243
Medium sites;2,411
Medium sites;2,475
Medium sites;2,504
Medium sites;2,717
Medium sites;3,198
Medium sites;0,833
Medium sites;0,806
Medium sites;0,196
Medium sites;0,209
Medium sites;1,003
Medium sites;1,028
Medium sites;1,271
Medium sites;1,051
Medium sites;2,289
Medium sites;1,579
Medium sites;1,666
Medium sites;2,175
Medium sites;1,784
Medium sites;1,528
Medium sites;1,85
Medium sites;2,07
Medium sites;2,503
Medium sites;3,251
Medium sites;1,947
Medium sites;4,187
Medium sites;2,007
Medium sites;2,269
Medium sites;2,132
Medium sites;2,957
Medium sites;2,707
Medium sites;3,219
Medium sites;2,525
Medium sites;3,251
Medium sites;3,35
Medium sites;2,574
Medium sites;2,648
Medium sites;3,64
Medium sites;2,805
Medium sites;2,91
Medium sites;3,165
Medium sites;3,298
Medium sites;2,999
Medium sites;3,096
Medium sites;3,14
Medium sites;3,094
Medium sites;3,211
Medium sites;3,271
Medium sites;3,482
Medium sites;3,339
Medium sites;3,529
Medium sites;3,603
Medium sites;4,042
Medium sites;0,112
Medium sites;0,217
Medium sites;1,058
Medium sites;1,631
Medium sites;1,578
Medium sites;1,217
Medium sites;1,762
Medium sites;2,363
Medium sites;2,451
Medium sites;2,54
Medium sites;2,906
Medium sites;2,475
Medium sites;2,539
Medium sites;4,31
Medium sites;3,913
Medium sites;3,825
Medium sites;3,862
Medium sites;3,719
Medium sites;3,609
Medium sites;3,62
Medium sites;3,498
Medium sites;2,929
Medium sites;1,927
Medium sites;1,836
Medium sites;2,738
Medium sites;3,337
Medium sites;3,08
Medium sites;2,909
Medium sites;0,449
Medium sites;0,859
Medium sites;0,378
Medium sites;0,962
Medium sites;1,182
Medium sites;2,562
Medium sites;3,818
Medium sites;1,902
Medium sites;2,976
Medium sites;3,126
Medium sites;3,213
Medium sites;3,007
Medium sites;3,327
Medium sites;0,507
Medium sites;1,516
Medium sites;2,746
Medium sites;0,885
Medium sites;4,052
Medium sites;3,991
Medium sites;3,76
Medium sites;3,61
Medium sites;3,286
Medium sites;3,397
Medium sites;2,967
Medium sites;2,769
Medium sites;2,292
Medium sites;2,444
Medium sites;2,501
Medium sites;2,517
Medium sites;2,721
Medium sites;3,142
Medium sites;0,942
Medium sites;0,915
Medium sites;0,279
Medium sites;1,105
Medium sites;1,124
Medium sites;1,055
Medium sites;1,163
Medium sites;0,977
Medium sites;2,18
Medium sites;1,485
Medium sites;1,568
Medium sites;2,074
Medium sites;1,694
Medium sites;1,475
Medium sites;2,125
Medium sites;2,405
Medium sites;3,329
Medium sites;1,961
Medium sites;4,274
Medium sites;1,972
Medium sites;2,296
Medium sites;2,087
Medium sites;3,014
Medium sites;2,746
Medium sites;3,274
Medium sites;2,476
Medium sites;3,305
Medium sites;3,405
Medium sites;2,539
Medium sites;2,615
Medium sites;3,7
Medium sites;2,79
Medium sites;2,918
Medium sites;3,193
Medium sites;3,333
Medium sites;2,964
Medium sites;3,047
Medium sites;3,092
Medium sites;3,076
Medium sites;3,176
Medium sites;3,226
Medium sites;3,425
Medium sites;3,303
Medium sites;3,477
Medium sites;3,565
Medium sites;3,981
Medium sites;0,112
Medium sites;0,967
Medium sites;0,869
Medium sites;1,548
Medium sites;1,491
Medium sites;1,109
Medium sites;1,669
Medium sites;2,355
Medium sites;2,434
Medium sites;2,806
Medium sites;2,363
Medium sites;2,427
Medium sites;4,408
Medium sites;4,006
Medium sites;3,918
Medium sites;3,946
Medium sites;3,806
Medium sites;3,698
Medium sites;3,685
Medium sites;3,551
Medium sites;2,933
Medium sites;1,929
Medium sites;1,815
Medium sites;2,706
Medium sites;3,285
Medium sites;3,023
Medium sites;2,843
Medium sites;0,557
Medium sites;0,965
Medium sites;0,48
Medium sites;0,886
Medium sites;1,111
Medium sites;2,459
Medium sites;3,909
Medium sites;1,883
Medium sites;2,925
Medium sites;3,064
Medium sites;3,152
Medium sites;2,986
Medium sites;3,267
Medium sites;0,598
Medium sites;1,433
Medium sites;2,699
Medium sites;0,332
Medium sites;3,914
Medium sites;2,519
Medium sites;2,347
Medium sites;1,913
Medium sites;1,907
Medium sites;1,812
Medium sites;1,924
Medium sites;2,098
Medium sites;0,836
Medium sites;0,513
Medium sites;0,264
Medium sites;0,233
Medium sites;0,168
Medium sites;0,42
Medium sites;0,436
Medium sites;0,915
Medium sites;3,217
Medium sites;1,321
Medium sites;0,986
Medium sites;1,73
Medium sites;2,67
Medium sites;2,251
Medium sites;2,9
Medium sites;1,439
Medium sites;2,914
Medium sites;3,015
Medium sites;1,537
Medium sites;1,62
Medium sites;3,353
Medium sites;1,878
Medium sites;2,149
Medium sites;2,565
Medium sites;1,96
Medium sites;2,007
Medium sites;2,054
Medium sites;2,139
Medium sites;2,168
Medium sites;2,193
Medium sites;2,38
Medium sites;2,294
Medium sites;2,434
Medium sites;2,938
Medium sites;0,981
Medium sites;0,408
Medium sites;4,07
Medium sites;3,889
Medium sites;3,784
Medium sites;3,384
Medium sites;2,134
Medium sites;1,188
Medium sites;0,915
Medium sites;1,714
Medium sites;2,242
Medium sites;1,979
Medium sites;0,154
Medium sites;0,99
Medium sites;1,884
Medium sites;2,022
Medium sites;2,109
Medium sites;2,04
Medium sites;2,223
Medium sites;1,663
Medium sites;4,277
Medium sites;4,103
Medium sites;3,993
Medium sites;3,57
Medium sites;3,537
Medium sites;2,916
Medium sites;2,741
Medium sites;2,311
Medium sites;2,311
Medium sites;2,306
Medium sites;2,207
Medium sites;2,306
Medium sites;2,289
Medium sites;1,737
Medium sites;1,693
Medium sites;1,784
Medium sites;0,835
Medium sites;0,983
Medium sites;1,741
Medium sites;0,517
Medium sites;0,897
Medium sites;1,366
Medium sites;0,523
Medium sites;0,619
Medium sites;0,806
Medium sites;0,737
Medium sites;2,226
Medium sites;1,454
Medium sites;1,625
Medium sites;1,311
Medium sites;3,582
Medium sites;1,72
Medium sites;1,317
Medium sites;2,129
Medium sites;1,339
Medium sites;3,06
Medium sites;2,649
Medium sites;3,293
Medium sites;1,68
Medium sites;3,309
Medium sites;3,41
Medium sites;1,834
Medium sites;1,924
Medium sites;3,746
Medium sites;2,229
Medium sites;2,534
Medium sites;2,962
Medium sites;3,157
Medium sites;2,247
Medium sites;2,229
Medium sites;2,282
Medium sites;2,473
Medium sites;2,447
Medium sites;2,431
Medium sites;2,555
Medium sites;2,57
Medium sites;2,634
Medium sites;2,812
Medium sites;3,093
Medium sites;1,378
Medium sites;1,058
Medium sites;0,967
Medium sites;0,853
Medium sites;0,142
Medium sites;0,529
Medium sites;0,704
Medium sites;1,398
Medium sites;1,544
Medium sites;1,862
Medium sites;1,706
Medium sites;4,869
Medium sites;4,799
Medium sites;4,41
Medium sites;4,332
Medium sites;4,29
Medium sites;4,25
Medium sites;4,137
Medium sites;4,068
Medium sites;3,798
Medium sites;3,683
Medium sites;3,773
Medium sites;2,514
Medium sites;1,585
Medium sites;1,292
Medium sites;2,017
Medium sites;2,446
Medium sites;2,163
Medium sites;1,943
Medium sites;1,383
Medium sites;1,705
Medium sites;1,782
Medium sites;0,309
Medium sites;1,538
Medium sites;4,295
Medium sites;1,366
Medium sites;2,099
Medium sites;2,178
Medium sites;2,27
Medium sites;2,371
Medium sites;2,388
Medium sites;0,48
Medium sites;1,906
Medium sites;4,293
Medium sites;4,129
Medium sites;4,025
Medium sites;2,891
Medium sites;2,721
Medium sites;2,304
Medium sites;2,281
Medium sites;2,267
Medium sites;2,151
Medium sites;2,232
Medium sites;2,152
Medium sites;1,827
Medium sites;0,977
Medium sites;1,301
Medium sites;0,404
Medium sites;0,509
Medium sites;0,801
Medium sites;0,639
Medium sites;1,6
Medium sites;1,262
Medium sites;3,597
Medium sites;1,684
Medium sites;2,096
Medium sites;1,223
Medium sites;3,048
Medium sites;2,62
Medium sites;3,276
Medium sites;1,552
Medium sites;3,289
Medium sites;3,389
Medium sites;1,719
Medium sites;1,81
Medium sites;3,729
Medium sites;2,132
Medium sites;2,463
Medium sites;2,91
Medium sites;3,111
Medium sites;2,128
Medium sites;2,096
Medium sites;2,15
Medium sites;2,369
Medium sites;2,325
Medium sites;2,301
Medium sites;2,416
Medium sites;2,447
Medium sites;2,498
Medium sites;2,953
Medium sites;1,328
Medium sites;0,142
Medium sites;0,389
Medium sites;0,576
Medium sites;4,91
Medium sites;4,443
Medium sites;4,367
Medium sites;4,33
Medium sites;4,268
Medium sites;4,161
Medium sites;4,097
Medium sites;3,827
Medium sites;3,719
Medium sites;3,763
Medium sites;2,438
Medium sites;1,535
Medium sites;1,218
Medium sites;1,903
Medium sites;2,31
Medium sites;2,026
Medium sites;4,326
Medium sites;1,291
Medium sites;1,966
Medium sites;2,038
Medium sites;2,13
Medium sites;2,265
Medium sites;2,248
Medium sites;0,338
Medium sites;1,777
Medium sites;1,817
Medium sites;2,198
Medium sites;2,151
Medium sites;1,339
Medium sites;1,46
Medium sites;2,143
Medium sites;1,005
Medium sites;0,652
Medium sites;1,299
Medium sites;1,117
Medium sites;0,18
Medium sites;0,738
Medium sites;0,988
Medium sites;3,129
Medium sites;3,338
Medium sites;3,345
Medium sites;3,443
Medium sites;3,79
Medium sites;3,097
Medium sites;1,876
Medium sites;1,785
Medium sites;1,843
Medium sites;2,174
Medium sites;2,061
Medium sites;1,999
Medium sites;2,069
Medium sites;2,177
Medium sites;2,165
Medium sites;2,593
Medium sites;1,578
Medium sites;1,491
Medium sites;1,367
Medium sites;0,529
Medium sites;0,389
Medium sites;0,422
Medium sites;0,23
Medium sites;0,256
Medium sites;0,92
Medium sites;1,177
Medium sites;1,399
Medium sites;3,84
Medium sites;1,982
Medium sites;1,69
Medium sites;1,868
Medium sites;2,15
Medium sites;2,215
Medium sites;0,095
Medium sites;1,122
Medium sites;1,653
Medium sites;1,686
Medium sites;1,779
Medium sites;2,068
Medium sites;1,898
Medium sites;4,83
Medium sites;4,674
Medium sites;4,494
Medium sites;4,379
Medium sites;3,966
Medium sites;3,943
Medium sites;3,324
Medium sites;3,15
Medium sites;2,719
Medium sites;2,718
Medium sites;2,71
Medium sites;2,601
Medium sites;2,684
Medium sites;2,482
Medium sites;1,992
Medium sites;1,954
Medium sites;2,081
Medium sites;1,782
Medium sites;1,063
Medium sites;1,247
Medium sites;2,055
Medium sites;0,054
Medium sites;1,241
Medium sites;0,568
Medium sites;0,999
Medium sites;2,63
Medium sites;3,981
Medium sites;2,535
Medium sites;3,468
Medium sites;3,056
Medium sites;3,702
Medium sites;3,717
Medium sites;3,819
Medium sites;2,135
Medium sites;2,228
Medium sites;4,155
Medium sites;2,573
Medium sites;2,915
Medium sites;3,36
Medium sites;3,558
Medium sites;2,531
Medium sites;2,453
Medium sites;2,511
Medium sites;2,8
Medium sites;2,721
Medium sites;2,667
Medium sites;2,727
Medium sites;2,839
Medium sites;2,83
Medium sites;3,066
Medium sites;3,237
Medium sites;1,109
Medium sites;1,052
Medium sites;1,363
Medium sites;4,793
Medium sites;4,714
Medium sites;4,666
Medium sites;4,645
Medium sites;4,53
Medium sites;4,455
Medium sites;4,186
Medium sites;4,065
Medium sites;4,181
Medium sites;3,735
Medium sites;2,889
Medium sites;2,32
Medium sites;2,647
Medium sites;2,354
Medium sites;2,098
Medium sites;1,615
Medium sites;1,98
Medium sites;2,068
Medium sites;1,367
Medium sites;4,681
Medium sites;2,321
Medium sites;2,342
Medium sites;2,435
Medium sites;2,695
Medium sites;2,554
Medium sites;1,568
Medium sites;2,156
Medium sites;2,51
Medium sites;0,569
Medium sites;2,645
Medium sites;2,585
Medium sites;2,49
Medium sites;2,549
Medium sites;2,866
Medium sites;2,772
Medium sites;2,706
Medium sites;2,749
Medium sites;2,888
Medium sites;2,858
Medium sites;3,109
Medium sites;3,25
Medium sites;2,38
Medium sites;2,678
Medium sites;2,382
Medium sites;2,117
Medium sites;2,358
Medium sites;2,363
Medium sites;2,456
Medium sites;2,761
Medium sites;2,575
Medium sites;2,202
Medium sites;2,924
Medium sites;1,903
Medium sites;2,586
Medium sites;1,843
Medium sites;1,816
Medium sites;0,733
Medium sites;3,177
Medium sites;2,646
Medium sites;0,697
Medium sites;1,022
Medium sites;1,106
Medium sites;2,121
Medium sites;1,045
Medium sites;1,684
Medium sites;1,27
Medium sites;0,84
Medium sites;0,268
Medium sites;0,48
Medium sites;1,079
Medium sites;2,048
Medium sites;1,212
Medium sites;0,273
Medium sites;0,188
Medium sites;0,122
Medium sites;0,324
Medium sites;0,917
Medium sites;1,581
Medium sites;0,846
Medium sites;4,259
Medium sites;3,589
Medium sites;3,465
Medium sites;2,99
Medium sites;2,913
Medium sites;2,689
Medium sites;2,612
Medium sites;1,611
Medium sites;3,114
Medium sites;3,068
Medium sites;2,233
Medium sites;2,369
Medium sites;3,062
Medium sites;2,219
Medium sites;0,341
Medium sites;0,696
Medium sites;3,157
Medium sites;2,422
Medium sites;2,007
Medium sites;4,509
Medium sites;2,427
Medium sites;1,601
Medium sites;2,807
Medium sites;1,411
Medium sites;3,824
Medium sites;3,308
Medium sites;4,003
Medium sites;1,418
Medium sites;4
Medium sites;4,091
Medium sites;1,743
Medium sites;1,828
Medium sites;2,302
Medium sites;2,834
Medium sites;3,405
Medium sites;3,645
Medium sites;1,982
Medium sites;1,688
Medium sites;1,753
Medium sites;2,402
Medium sites;2,1
Medium sites;1,909
Medium sites;1,761
Medium sites;2,182
Medium sites;1,921
Medium sites;2,157
Medium sites;4,457
Medium sites;2,054
Medium sites;2,451
Medium sites;2,355
Medium sites;2,251
Medium sites;1,441
Medium sites;1,398
Medium sites;0,908
Medium sites;0,92
Medium sites;0,715
Medium sites;4,739
Medium sites;4,516
Medium sites;4,432
Medium sites;2,764
Medium sites;2,216
Medium sites;1,817
Medium sites;1,893
Medium sites;1,78
Medium sites;1,497
Medium sites;1,179
Medium sites;2,776
Medium sites;3,069
Medium sites;3,135
Medium sites;1,857
Medium sites;1,573
Medium sites;1,403
Medium sites;1,487
Medium sites;2,3
Medium sites;1,591
Medium sites;1,551
Medium sites;4,595
Medium sites;4,017
Medium sites;3,883
Medium sites;3,543
Medium sites;3,41
Medium sites;3,344
Medium sites;3,134
Medium sites;2,955
Medium sites;3,077
Medium sites;2,087
Medium sites;3,278
Medium sites;3,235
Medium sites;3,326
Medium sites;3,039
Medium sites;2,358
Medium sites;2,522
Medium sites;3,278
Medium sites;2,428
Medium sites;0,947
Medium sites;2,153
Medium sites;0,973
Medium sites;3,526
Medium sites;2,806
Medium sites;2,397
Medium sites;4,892
Medium sites;2,829
Medium sites;2,04
Medium sites;3,223
Medium sites;1,867
Medium sites;4,238
Medium sites;3,735
Medium sites;4,428
Medium sites;1,905
Medium sites;4,428
Medium sites;4,522
Medium sites;2,227
Medium sites;2,313
Medium sites;4,874
Medium sites;2,783
Medium sites;3,303
Medium sites;3,865
Medium sites;4,101
Medium sites;2,473
Medium sites;2,174
Medium sites;2,239
Medium sites;2,891
Medium sites;2,59
Medium sites;2,394
Medium sites;2,215
Medium sites;2,671
Medium sites;2,384
Medium sites;2,807
Medium sites;2,566
Medium sites;4,745
Medium sites;2,45
Medium sites;2,54
Medium sites;2,434
Medium sites;2,36
Medium sites;1,863
Medium sites;1,544
Medium sites;1,202
Medium sites;1,304
Medium sites;1,177
Medium sites;0,925
Medium sites;4,939
Medium sites;4,771
Medium sites;3,236
Medium sites;2,626
Medium sites;2,229
Medium sites;2,38
Medium sites;2,691
Medium sites;2,253
Medium sites;1,977
Medium sites;1,658
Medium sites;4,598
Medium sites;2,914
Medium sites;3,249
Medium sites;3,326
Medium sites;2,277
Medium sites;2,061
Medium sites;1,872
Medium sites;1,953
Medium sites;2,788
Medium sites;2,051
Medium sites;2,839
Medium sites;2,042
Medium sites;1,071
Medium sites;1,152
Medium sites;1,328
Medium sites;1,458
Medium sites;4,509
Medium sites;4,455
Medium sites;0,123
Medium sites;0,571
Medium sites;3,538
Medium sites;3,296
Medium sites;2,647
Medium sites;2,225
Medium sites;3,087
Medium sites;1,46
Medium sites;3,559
Medium sites;3,358
Medium sites;4,483
Medium sites;1,943
Medium sites;4,497
Medium sites;1,884
Medium sites;0,904
Medium sites;1,768
Medium sites;3,857
Medium sites;4,417
Medium sites;4,535
Medium sites;4,999
Medium sites;4,469
Medium sites;3,733
Medium sites;0,636
Medium sites;1,452
Medium sites;1,2
Medium sites;1,385
Medium sites;2,543
Medium sites;2,601
Medium sites;2,641
Medium sites;3,609
Medium sites;3,698
Medium sites;3,973
Medium sites;4,068
Medium sites;4,097
Medium sites;4,454
Medium sites;4,24
Medium sites;4,303
Medium sites;4,455
Medium sites;4,497
Medium sites;4,53
Medium sites;4,546
Medium sites;4,857
Medium sites;0,271
Medium sites;0,422
Medium sites;0,442
Medium sites;3,215
Medium sites;1,527
Medium sites;2,544
Medium sites;2,626
Medium sites;2,537
Medium sites;2,902
Medium sites;2,413
Medium sites;2,559
Medium sites;1,783
Medium sites;3,03
Medium sites;2,442
Medium sites;2,693
Medium sites;3,849
Medium sites;3,872
Medium sites;4,194
Medium sites;4,962
Medium sites;2,552
Medium sites;2,616
Medium sites;2,759
Medium sites;2,861
Medium sites;4,17
Medium sites;4,531
Medium sites;4,613
Medium sites;4,352
Medium sites;3,486
Medium sites;3,958
Medium sites;3,682
Medium sites;3,74
Medium sites;3,234
Medium sites;3,157
Medium sites;3,001
Medium sites;3,338
Medium sites;3,288
Medium sites;2,962
Medium sites;2,895
Medium sites;3,338
Medium sites;3,173
Medium sites;3,288
Medium sites;2,654
Medium sites;2,416
Medium sites;0,285
Medium sites;2,897
Medium sites;2,102
Medium sites;2,234
Medium sites;3,498
Medium sites;3,551
Medium sites;3,414
Medium sites;4,088
Medium sites;0,426
Medium sites;4,279
Medium sites;4,645
Medium sites;4,274
Medium sites;2,871
Medium sites;2,828
Medium sites;2,567
Medium sites;2,616
Medium sites;2,67
Medium sites;2,688
Medium sites;2,676
Medium sites;2,773
Medium sites;4,021
Medium sites;3,949
Medium sites;3,952
Medium sites;3,821
Medium sites;3,661
Medium sites;3,351
Medium sites;3,234
Medium sites;3,278
Medium sites;3,331
Medium sites;3,445
Medium sites;3,557
Medium sites;3,494
Medium sites;3,308
Medium sites;3,885
Medium sites;4,117
Medium sites;4,035
Medium sites;4,129
Medium sites;4,028
Medium sites;4,059
Medium sites;3,603
Medium sites;3,939
Medium sites;4,091
Medium sites;3,242
Medium sites;4,204
Medium sites;3,423
Medium sites;3,197
Medium sites;2,915
Medium sites;3,001
Medium sites;2,832
Medium sites;3,038
Medium sites;3,338
Medium sites;4,01
Medium sites;3,948
Medium sites;4,073
Medium sites;4,346
Medium sites;1,638
Medium sites;2,31
Medium sites;0,935
Medium sites;1,271
Medium sites;1,597
Medium sites;3,553
Medium sites;3,328
Medium sites;3,437
Medium sites;3,386
Medium sites;3,146
Medium sites;2,808
Medium sites;2,844
Medium sites;2,766
Medium sites;3,224
Medium sites;2,492
Medium sites;2,332
Medium sites;3,495
Medium sites;2,562
Medium sites;2,233
Medium sites;3,366
Medium sites;2,175
Medium sites;2,351
Medium sites;2,063
Medium sites;2,237
Medium sites;1,826
Medium sites;2,01
Medium sites;1,674
Medium sites;1,749
Medium sites;1,603
Medium sites;1,553
Medium sites;1,653
Medium sites;2,027
Medium sites;1,93
Medium sites;0,99
Medium sites;3,06
Medium sites;0,842
Medium sites;0,772
Medium sites;0,785
Medium sites;0,231
Medium sites;0,424
Medium sites;0,403
Medium sites;4,215
Medium sites;4,201
Medium sites;3,29
Medium sites;2,354
Medium sites;2,368
Medium sites;2,439
Medium sites;3,08
Medium sites;3,023
Medium sites;2,864
Medium sites;2,386
Medium sites;1,242
Medium sites;1,979
Medium sites;2,395
Medium sites;2,612
Medium sites;1,957
Medium sites;2,163
Medium sites;2,026
Medium sites;1,601
Medium sites;2,112
Medium sites;1,102
Medium sites;2,354
Medium sites;2,382
Medium sites;1,659
Medium sites;1,725
Medium sites;1,33
Medium sites;1,299
Medium sites;1,497
Medium sites;1,977
Medium sites;1,657
Medium sites;2,556
Medium sites;2,616
Medium sites;1,469
Medium sites;0,801
Medium sites;0,318
Medium sites;4,304
Medium sites;4,703
Medium sites;4,736
Medium sites;4,877
Medium sites;3,219
Medium sites;3,349
Medium sites;3,123
Medium sites;3,231
Medium sites;3,371
Medium sites;1,927
Medium sites;1,694
Medium sites;1,794
Medium sites;1,173
Medium sites;0,167
Medium sites;0,184
Medium sites;0,265
Medium sites;3,052
Medium sites;1,278
Medium sites;0,436
Medium sites;4,988
Medium sites;0,279
Medium sites;0,477
Medium sites;2,732
Medium sites;4,982
Medium sites;0,809
Medium sites;1,748
Medium sites;0,654
Medium sites;3,093
Medium sites;0,396
Medium sites;0,578
Medium sites;0,907
Medium sites;0,99
Medium sites;2,014
Medium sites;0,929
Medium sites;1,154
Medium sites;0,792
Medium sites;0,322
Medium sites;0,122
Medium sites;0,6
Medium sites;1,177
Medium sites;1,152
Medium sites;0,082
Medium sites;0,445
Medium sites;0,8
Medium sites;0,64
Medium sites;0,724
Medium sites;1,738
Medium sites;1,657
Medium sites;1,533
Medium sites;1,778
Medium sites;1,963
Medium sites;1,849
Medium sites;1,962
Medium sites;1,502
Medium sites;1,244
Medium sites;1,299
Medium sites;1,654
Medium sites;1,683
Medium sites;2,139
Medium sites;1,921
Medium sites;2,251
Medium sites;2,16
Medium sites;1,657
Medium sites;1,558
Medium sites;1,996
Medium sites;0,213
Medium sites;0,1
Medium sites;1,496
Medium sites;1,765
Medium sites;1,938
Medium sites;2,129
Medium sites;1,892
Medium sites;2,173
Medium sites;2,163
Medium sites;2,238
Medium sites;2,259
Medium sites;1,399
Medium sites;2,289
Medium sites;1,681
Medium sites;2,083
Medium sites;1,997
Medium sites;1,887
Medium sites;2,088
Medium sites;2,194
Medium sites;2,065
Medium sites;2,005
Medium sites;2,181
Medium sites;1,939
Medium sites;1,694
Medium sites;1,754
Medium sites;2,123
Medium sites;2,163
Medium sites;2,144
Medium sites;2,49
Medium sites;2,279
Medium sites;2,571
Medium sites;2,526
Medium sites;2,184
Medium sites;2,008
Medium sites;1,804
Medium sites;1,929
Medium sites;2,341
Medium sites;0,396
Medium sites;1,956
Medium sites;1,701
Medium sites;2,14
Medium sites;2,145
Medium sites;2,332
Medium sites;2,352
Medium sites;2,535
Medium sites;2,234
Medium sites;2,241
Medium sites;2,51
Medium sites;2,472
Medium sites;2,527
Medium sites;2,633
Medium sites;2,315
Medium sites;2,384
Medium sites;1,835
Medium sites;2,644
Medium sites;2,054
Medium sites;3,693
Medium sites;3,368
Medium sites;3,308
Medium sites;3,783
Medium sites;4,027
Medium sites;1,868
Medium sites;2,052
Medium sites;2,431
Medium sites;2,382
Medium sites;0,451
Medium sites;2,461
Medium sites;0,35
Medium sites;0,103
Medium sites;1,307
Medium sites;1,098
Medium sites;1,161
Medium sites;1,206
Medium sites;2,156
Medium sites;1,969
Medium sites;2,361
Medium sites;2,106
Medium sites;2,348
Medium sites;3,426
Medium sites;3,757
Medium sites;3,821
Medium sites;4,03
Medium sites;4,086
Medium sites;4,143
Medium sites;4,219
Medium sites;4,393
Medium sites;4,562
Medium sites;3,61
Medium sites;3,435
Medium sites;4,092
Medium sites;4,279
Medium sites;1,858
Medium sites;1,826
Medium sites;2,077
Medium sites;0,282
Medium sites;2,411
Medium sites;0,094
Medium sites;1,12
Medium sites;1,271
Medium sites;1,715
Medium sites;1,669
Medium sites;1,883
Medium sites;1,985
Medium sites;2,236
Medium sites;2,338
Medium sites;2,463
Medium sites;2,178
Medium sites;2,146
Medium sites;0,857
Medium sites;2,316
Medium sites;1,273
Medium sites;2,255
Medium sites;0,725
Medium sites;0,304
Medium sites;0,757
Medium sites;0,264
Medium sites;2,801
Medium sites;3,067
Medium sites;2,743
Medium sites;2,529
Medium sites;2,62
Medium sites;3,075
Medium sites;3,288
Medium sites;3,13
Medium sites;2,819
Medium sites;3,188
Medium sites;3,337
Medium sites;3,563
Medium sites;3,881
Medium sites;2,734
Medium sites;3,173
Medium sites;3,186
Medium sites;3,088
Medium sites;3,269
Medium sites;3,302
Medium sites;3,357
Medium sites;3,418
Medium sites;4,271
Medium sites;4,306
Medium sites;3,511
Medium sites;4,203
Medium sites;3,954
Medium sites;3,683
Medium sites;3,821
Medium sites;4,63
Medium sites;4,905
Medium sites;4,925
Medium sites;4,496
Medium sites;4,828
Medium sites;4,944
Medium sites;2,871
Medium sites;2,737
Medium sites;2,644
Medium sites;2,987
Medium sites;2,809
Medium sites;2,626
Medium sites;3,391
Medium sites;3,557
Medium sites;4,033
Medium sites;4,372
Medium sites;4,977
Medium sites;1,105
Medium sites;0,99
Medium sites;0,975
Medium sites;0,995
Medium sites;1,084
Medium sites;1,136
Medium sites;2,722
Medium sites;4,816
Medium sites;4,451
Medium sites;2,706
Medium sites;2,979
Medium sites;2,654
Medium sites;2,44
Medium sites;2,544
Medium sites;3,006
Medium sites;3,24
Medium sites;3,086
Medium sites;2,786
Medium sites;3,158
Medium sites;3,309
Medium sites;3,54
Medium sites;3,859
Medium sites;1,05
Medium sites;1,132
Medium sites;0,918
Medium sites;0,896
Medium sites;2,128
Medium sites;2,064
Medium sites;1,463
Medium sites;2,659
Medium sites;3,08
Medium sites;3,162
Medium sites;3,033
Medium sites;3,228
Medium sites;3,243
Medium sites;3,298
Medium sites;3,357
Medium sites;4,27
Medium sites;4,303
Medium sites;3,442
Medium sites;4,189
Medium sites;3,926
Medium sites;3,615
Medium sites;3,779
Medium sites;4,624
Medium sites;4,906
Medium sites;4,925
Medium sites;4,48
Medium sites;4,82
Medium sites;5,006
Medium sites;4,935
Medium sites;1,303
Medium sites;2,771
Medium sites;2,642
Medium sites;2,549
Medium sites;2,899
Medium sites;2,721
Medium sites;2,537
Medium sites;2,419
Medium sites;3,319
Medium sites;3,494
Medium sites;4,007
Medium sites;4,368
Medium sites;4,983
Medium sites;0,796
Medium sites;0,928
Medium sites;0,897
Medium sites;0,907
Medium sites;0,942
Medium sites;0,99
Medium sites;1,116
Medium sites;1,037
Medium sites;0,486
Medium sites;0,462
Medium sites;0,254
Medium sites;0,751
Medium sites;0,761
Medium sites;0,899
Medium sites;1
Medium sites;0,769
Medium sites;0,984
Medium sites;2,188
Medium sites;2,364
Medium sites;2,6
Medium sites;1,622
Medium sites;1,856
Medium sites;1,444
Medium sites;0,886
Medium sites;0,103
Medium sites;2,629
Medium sites;4,819
Medium sites;4,437
Medium sites;4,563
Medium sites;0,213
Medium sites;0,726
Medium sites;0,723
Medium sites;0,813
Medium sites;0,599
Medium sites;0,657
Medium sites;3,06
Medium sites;3,418
Medium sites;3,096
Medium sites;3,099
Medium sites;3,597
Medium sites;3,924
Medium sites;3,782
Medium sites;3,89
Medium sites;4,043
Medium sites;4,283
Medium sites;4,603
Medium sites;1,896
Medium sites;1,796
Medium sites;1,457
Medium sites;3,219
Medium sites;3,451
Medium sites;3,904
Medium sites;3,693
Medium sites;3,937
Medium sites;3,883
Medium sites;3,94
Medium sites;3,989
Medium sites;4,031
Medium sites;4,942
Medium sites;4,661
Medium sites;4,208
Medium sites;4,479
Medium sites;1,494
Medium sites;2,996
Medium sites;3,334
Medium sites;3,162
Medium sites;3,895
Medium sites;4,117
Medium sites;4,744
Medium sites;1,602
Medium sites;1,512
Medium sites;1,448
Medium sites;1,436
Medium sites;1,447
Medium sites;1,427
Medium sites;0,304
Medium sites;0,815
Medium sites;0,761
Medium sites;1,934
Medium sites;2,082
Medium sites;2,297
Medium sites;1,59
Medium sites;1,7
Medium sites;1,475
Medium sites;0,779
Medium sites;3,015
Medium sites;0,741
Medium sites;0,636
Medium sites;4,231
Medium sites;0,078
Medium sites;2,156
Medium sites;2,031
Medium sites;2,068
Medium sites;4,205
Medium sites;4,147
Medium sites;0,913
Medium sites;0,69
Medium sites;0,698
Medium sites;0,735
Medium sites;0,095
Medium sites;2,157
Medium sites;2,239
Medium sites;2,384
Medium sites;2,146
Medium sites;2,098
Medium sites;2,116
Medium sites;0,338
Medium sites;0,462
Medium sites;0,641
Medium sites;0,088
Medium sites;0,765
Medium sites;0,984
Medium sites;0,746
Medium sites;0,896
Medium sites;0,775
Medium sites;1,46
Medium sites;1,955
Medium sites;2,45
Medium sites;2,203
Medium sites;3,044
Medium sites;2,255
Medium sites;1,36
Medium sites;2,158
Medium sites;0,177
Medium sites;2,311
Medium sites;3,468
Medium sites;3,52
Medium sites;3,524
Medium sites;3,406
Medium sites;3,576
Medium sites;1,624
Medium sites;1,387
Medium sites;1,906
Medium sites;1,865
Medium sites;2,372
Medium sites;2,252
Medium sites;3,242
Medium sites;3,603
Medium sites;2,066
Medium sites;2,052
Medium sites;1,94
Medium sites;1,722
Medium sites;1,975
Medium sites;1,785
Medium sites;1,472
Medium sites;1,531
Medium sites;1,54
Medium sites;1,347
Medium sites;1,163
Medium sites;1,409
Medium sites;1,813
Medium sites;1,735
Medium sites;2,207
Medium sites;2,125
Medium sites;2,079
Medium sites;2,03
Medium sites;1,941
Medium sites;1,868
Medium sites;0,255
Medium sites;0,435
Medium sites;0,67
Medium sites;1,902
Medium sites;1,673
Medium sites;1,951
Medium sites;1,999
Medium sites;1,659
Medium sites;1,579
Medium sites;1,634
Medium sites;1,874
Medium sites;2,014
Medium sites;2,001
Medium sites;1,575
Medium sites;1,525
Medium sites;1,52
Medium sites;1,766
Medium sites;2,337
Medium sites;2,847
Medium sites;2,648
Medium sites;2,538
Medium sites;3,048
Medium sites;3,544
Medium sites;4,538
Medium sites;4,69
Medium sites;4,984
Medium sites;2,887
Medium sites;1,875
Medium sites;2,396
Medium sites;0,573
Medium sites;1,197
Medium sites;4
Medium sites;1,691
Medium sites;3,149
Medium sites;4,852
Medium sites;2,642
Medium sites;4,644
Medium sites;3,987
Medium sites;4,037
Medium sites;4,028
Medium sites;3,871
Medium sites;4,031
Medium sites;4,813
Medium sites;1,899
Medium sites;2,301
Medium sites;2,283
Medium sites;2,171
Medium sites;2,778
Medium sites;2,687
Medium sites;2,559
Medium sites;2,715
Medium sites;2,632
Medium sites;2,805
Medium sites;2,817
Medium sites;4,091
Medium sites;2,014
Medium sites;2,619
Medium sites;2,617
Medium sites;2,498
Medium sites;2,293
Medium sites;2,189
Medium sites;2,673
Medium sites;2,692
Medium sites;2,462
Medium sites;2,694
Medium sites;2,635
Medium sites;2,395
Medium sites;2,698
Medium sites;2,6
Medium sites;2,465
Medium sites;2,328
Medium sites;2,297
Medium sites;1,975
Medium sites;2,012
Medium sites;1,998
Medium sites;1,838
Medium sites;1,62
Medium sites;1,864
Medium sites;2,367
Medium sites;2,248
Medium sites;2,176
Medium sites;2,513
Medium sites;2,384
Medium sites;2,317
Medium sites;2,286
Medium sites;2,184
Medium sites;2,156
Medium sites;1,834
Medium sites;0,67
Medium sites;0,239
Medium sites;0,802
Medium sites;2,067
Medium sites;1,756
Medium sites;2,295
Medium sites;2,519
Medium sites;2,416
Medium sites;2,707
Medium sites;2,399
Medium sites;2,114
Medium sites;2,142
Medium sites;2,335
Medium sites;2,303
Medium sites;2,309
Medium sites;2,013
Medium sites;2,004
Medium sites;1,944
Medium sites;1,104
Medium sites;1,172
Medium sites;1,159
Medium sites;2,132
Medium sites;2,199
Medium sites;1,986
Medium sites;0,319
Medium sites;0,377
Medium sites;1,606
Medium sites;2,141
Medium sites;2,129
Medium sites;2,28
Medium sites;2,405
Medium sites;2,215
Medium sites;2,535
Medium sites;1,727
Medium sites;1,883
Medium sites;2,165
Medium sites;1,947
Medium sites;0,399
Medium sites;0,696
Medium sites;0,823
Medium sites;0,36
Medium sites;0,254
Medium sites;0,37
Medium sites;1,607
Medium sites;0,432
Medium sites;0,839
Medium sites;0,881
Medium sites;0,89
Medium sites;2,039
Medium sites;2,098
Medium sites;0,348
Medium sites;0,172
Medium sites;0,323
Medium sites;0,277
Medium sites;1,843
Medium sites;1,851
Medium sites;2,02
Medium sites;2,141
Medium sites;1,932
Medium sites;2,234
Medium sites;2,05
Medium sites;0,22
Medium sites;0,215
Medium sites;0,546
Medium sites;0,679
Medium sites;1,271
Medium sites;1,724
Medium sites;1,846
Medium sites;2,019
Medium sites;2,676
Medium sites;2,729
Medium sites;2,562
Medium sites;1,353
Medium sites;1,366
Medium sites;1,416
Medium sites;1,351
Medium sites;0,399
Medium sites;0,2
Medium sites;0,506
Medium sites;0,623
Medium sites;0,882
Medium sites;1,113
Medium sites;0,886
Medium sites;0,791
Medium sites;0,402
Medium sites;1,596
Medium sites;1,754
Medium sites;2,124
Medium sites;2,057
Medium sites;2,25
Medium sites;2,171
Medium sites;2,17
Medium sites;2,238
Medium sites;2,444
Medium sites;2,55
Medium sites;2,3
Medium sites;2,527
Medium sites;2,286
Medium sites;2,463
Medium sites;2,671
Medium sites;2,543
Medium sites;1,365
Medium sites;1,211
Medium sites;0,897
Medium sites;0,702
Medium sites;0,73
Medium sites;0,777
Medium sites;0,823
Medium sites;0,679
Medium sites;0,481
Medium sites;0,307
Medium sites;0,576
Medium sites;0,935
Medium sites;1,009
Medium sites;1,058
Medium sites;1,19
Medium sites;0,441
Medium sites;0,716
Medium sites;0,19
Medium sites;1,078
Medium sites;1,023
Medium sites;1,84
Medium sites;1,946
Medium sites;0,163
Medium sites;0,114
Medium sites;0,124
Medium sites;0,361
Medium sites;0,099
Medium sites;3,535
Medium sites;3,507
Medium sites;3,26
Medium sites;2,978
Medium sites;2,65
Medium sites;2,45
Medium sites;1,974
Medium sites;2,197
Medium sites;2,285
Medium sites;2,365
Medium sites;2,616
Medium sites;3,329
Medium sites;0,387
Medium sites;0,358
Medium sites;0,259
Medium sites;0,337
Medium sites;0,564
Medium sites;0,607
Medium sites;1,579
Medium sites;1,668
Medium sites;1,311
Medium sites;2,689
Medium sites;1,903
Medium sites;2,002
Medium sites;2,526
Medium sites;2,087
Medium sites;1,606
Medium sites;1,778
Medium sites;2,835
Medium sites;2,867
Medium sites;1,818
Medium sites;2,08
Medium sites;2,648
Medium sites;2,463
Medium sites;2,912
Medium sites;2,638
Medium sites;2,949
Medium sites;3,046
Medium sites;2,63
Medium sites;2,693
Medium sites;3,316
Medium sites;2,773
Medium sites;2,785
Medium sites;2,961
Medium sites;3,066
Medium sites;3,044
Medium sites;3,204
Medium sites;3,24
Medium sites;3,072
Medium sites;3,257
Medium sites;3,357
Medium sites;3,62
Medium sites;3,384
Medium sites;3,644
Medium sites;4,187
Medium sites;0,449
Medium sites;0,557
Medium sites;1,383
Medium sites;1,904
Medium sites;1,868
Medium sites;1,615
Medium sites;2,074
Medium sites;2,659
Medium sites;2,776
Medium sites;2,914
Medium sites;3,244
Medium sites;2,895
Medium sites;2,962
Medium sites;3,873
Medium sites;3,487
Medium sites;3,457
Medium sites;3,31
Medium sites;3,281
Medium sites;3,197
Medium sites;2,82
Medium sites;2,778
Medium sites;3,454
Medium sites;3,219
Medium sites;3,086
Medium sites;0,106
Medium sites;2,919
Medium sites;3,092
Medium sites;3,286
Medium sites;3,367
Medium sites;2,994
Medium sites;3,476
Medium sites;1,796
Medium sites;2,848
Medium sites;2,959
Medium sites;3,331
Medium sites;3,011
Medium sites;3,545
Medium sites;3,902
Medium sites;3,766
Medium sites;4,293
Medium sites;4,614
Medium sites;1,742
Medium sites;1,642
Medium sites;1,323
Medium sites;3,16
Medium sites;3,351
Medium sites;3,663
Medium sites;3,926
Medium sites;3,845
Medium sites;3,902
Medium sites;3,947
Medium sites;3,976
Medium sites;4,961
Medium sites;4,664
Medium sites;4,154
Medium sites;4,463
Medium sites;1,386
Medium sites;2,895
Medium sites;3,247
Medium sites;3,077
Medium sites;3,837
Medium sites;4,073
Medium sites;4,75
Medium sites;1,593
Medium sites;1,486
Medium sites;1,406
Medium sites;1,363
Medium sites;1,355
Medium sites;0,327
Medium sites;0,429
Medium sites;0,819
Medium sites;0,813
Medium sites;0,207
Medium sites;1,779
Medium sites;1,928
Medium sites;2,142
Medium sites;1,451
Medium sites;1,55
Medium sites;1,346
Medium sites;0,811
Medium sites;2,92
Medium sites;0,751
Medium sites;0,087
Medium sites;0,124
Medium sites;0,56
Medium sites;0,614
Medium sites;3,255
Medium sites;3,625
Medium sites;3,305
Medium sites;3,096
Medium sites;3,322
Medium sites;3,823
Medium sites;4,156
Medium sites;4,014
Medium sites;4,12
Medium sites;4,273
Medium sites;4,512
Medium sites;4,832
Medium sites;1,92
Medium sites;1,967
Medium sites;1,859
Medium sites;1,605
Medium sites;2,565
Medium sites;2,776
Medium sites;2,506
Medium sites;2,74
Medium sites;3,443
Medium sites;3,647
Medium sites;4,133
Medium sites;3,925
Medium sites;4,169
Medium sites;4,113
Medium sites;4,17
Medium sites;4,218
Medium sites;4,257
Medium sites;4,891
Medium sites;4,434
Medium sites;4,711
Medium sites;1,681
Medium sites;3,167
Medium sites;3,191
Medium sites;3,109
Medium sites;3,541
Medium sites;3,371
Medium sites;3,183
Medium sites;4,119
Medium sites;4,346
Medium sites;4,974
Medium sites;2,497
Medium sites;1,834
Medium sites;1,743
Medium sites;1,676
Medium sites;1,662
Medium sites;1,656
Medium sites;1,643
Medium sites;0,981
Medium sites;1,874
Medium sites;1,997
Medium sites;2,133
Medium sites;2,335
Medium sites;1,727
Medium sites;1,801
Medium sites;1,632
Medium sites;2,649
Medium sites;2,762
Medium sites;2,89
Medium sites;2,574
Medium sites;2,535
Medium sites;1,006
Medium sites;3,216
Medium sites;2,653
Large site;1,576
Large site;1,974
Large site;1,665
Large site;2,34
Large site;3,052
Large site;3,209
Large site;3,494
Large site;3,806
Large site;1,534
Large site;1,179
Large site;2,316
Large site;1,931
Large site;1,969
Large site;3,132
Large site;2,982
Large site;2,716
Large site;4,66
Large site;2,772
Large site;2,794
Large site;4,463
Large site;2,748
Large site;4,214
Large site;3,795
Large site;2,926
Large site;3,46
Large site;4,73
Large site;4,467
Large site;4,896
Large site;4,992
Large site;1,89
Large site;1,728
Large site;2,594
Large site;2,897
Large site;4,505
Large site;1,786
Large site;1,613
Large site;1,569
Large site;1,494
Large site;1,281
Large site;1,104
Large site;1,198
Large site;1,265
Large site;1,23
Large site;1,05
Large site;1,303
Large site;1,097
Large site;0,931
Large site;1,179
Large site;1,494
Large site;1,284
Large site;1,377
Large site;1,227
Large site;1,197
Large site;2,251
Large site;2,204
Large site;2,117
Large site;1,528
Large site;1,201
Large site;1,319
Large site;1,095
Large site;1,358
Large site;1,276
Large site;1,386
Large site;0,878
Large site;0,806
Large site;2,201
Large site;0,826
Large site;2,155
Large site;1,349
Large site;1,442
Large site;0,258
Large site;2,384
Large site;1,186
Large site;1,873
Large site;0,658
Large site;1,511
Large site;1,144
Large site;1,227
Large site;1,35
Large site;1,642
Large site;1,666
Large site;2,21
Large site;0,669
Large site;0,84
Large site;0,926
Large site;1,207
Large site;1,441
Large site;1,876
Large site;1,467
Large site;0,379
Large site;0,621
Large site;1,242
Large site;0,717
Large site;0,792
Large site;1,743
Large site;1,064
Large site;1,113
Large site;1,323
Large site;1,399
Large site;1,503
Large site;2,551
Large site;2,735
Large site;0,588
Large site;1,106
Large site;1,731
Large site;2,099
Large site;2,212
Large site;2,296
Large site;2,543
Large site;2,767
Large site;3,126
Large site;2,635
Large site;2,661
Large site;2,711
Large site;2,81
Large site;2,842
Large site;2,854
Large site;3,009
Large site;2,967
Large site;3,078
Large site;3,219
Large site;3,554
Large site;0,508
Large site;2,764
Large site;2,39
Large site;2,887
Large site;2,612
Large site;0,463
Large site;2,534
Large site;2,637
Large site;2,727
Large site;2,713
Large site;2,845
Large site;2,325
Large site;0,747
Large site;4,967
Large site;4,864
Large site;4,8
Large site;4,049
Large site;3,35
Large site;3,228
Large site;2,754
Large site;2,674
Large site;2,446
Large site;2,366
Large site;1,419
Large site;2,983
Large site;2,935
Large site;2,13
Large site;2,906
Large site;0,454
Large site;0,579
Large site;2,937
Large site;2,198
Large site;1,783
Large site;2,196
Large site;1,362
Large site;2,572
Large site;1,167
Large site;3,589
Large site;0,489
Large site;3,069
Large site;3,764
Large site;1,177
Large site;3,851
Large site;1,5
Large site;1,586
Large site;2,058
Large site;2,588
Large site;3,16
Large site;3,4
Large site;1,75
Large site;1,478
Large site;1,543
Large site;2,163
Large site;1,876
Large site;1,701
Large site;1,594
Large site;1,964
Large site;1,742
Large site;2,031
Large site;2,363
Large site;1,207
Large site;0,758
Large site;0,48
Large site;4,96
Large site;4,883
Large site;4,857
Large site;4,524
Large site;4,278
Large site;4,221
Large site;2,518
Large site;1,984
Large site;1,585
Large site;1,652
Large site;0,743
Large site;1,299
Large site;0,667
Large site;0,6
Large site;0,986
Large site;2,659
Large site;2,931
Large site;2,991
Large site;0,159
Large site;1,623
Large site;1,357
Large site;1,221
Large site;1,31
Large site;2,06
Large site;1,42
Large site;1,318
Large site;1,041
Large site;1,094
Large site;1,226
Large site;1,327
Large site;0,811
Large site;0,539
Large site;0,508
Large site;0,328
Large site;0,444
Large site;2,239
Large site;4,088
Large site;1,521
Large site;4,108
Large site;0,944
Large site;4,051
Large site;4,169
Large site;4,644
Large site;4,114
Large site;3,385
Large site;4,974
Large site;4,823
Large site;0,808
Large site;2,184
Large site;3,598
Large site;3,683
Large site;3,719
Large site;3,884
Large site;3,921
Large site;4,065
Large site;4,139
Large site;4,169
Large site;4,207
Large site;4,524
Large site;4,739
Large site;0,649
Large site;0,62
Large site;0,422
Large site;0,22
Large site;0,184
Large site;2,272
Large site;3,5
Large site;3,832
Large site;1,22
Large site;1,276
Large site;1,41
Large site;1,511
Large site;0,744
Large site;0,488
Large site;0,376
Large site;2,418
Large site;3,126
Large site;2,927
Large site;4,042
Large site;1,547
Large site;4,055
Large site;1,476
Large site;1,114
Large site;0,92
Large site;4,013
Large site;0,735
Large site;0,442
Large site;0,172
Large site;0,184
Large site;2,286
Large site;2,31
Large site;3,96
Large site;3,818
Large site;2,987
Large site;3,068
Large site;2,954
Large site;2,365
Large site;0,149
Large site;0,838
Large site;3,391
Large site;3,003
Large site;3,042
Large site;2,691
Large site;2,348
Large site;3,273
Large site;3,333
Large site;4,87
Large site;2,508
Large site;2,133
Large site;1,279
Large site;3,332
Large site;3,281
Large site;3,042
Large site;2,641
Large site;2,603
Large site;3,148
Large site;2,314
Large site;2,072
Large site;3,48
Large site;2,066
Large site;1,869
Large site;1,922
Large site;1,553
Large site;1,438
Large site;1,333
Large site;1,336
Large site;0,738
Large site;4,213
Large site;2,909
Large site;2,843
Large site;2,692
Large site;2,212
Large site;2,406
Large site;1,75
Large site;1,943
Large site;1,803
Large site;1,361
Large site;1,866
Large site;2,117
Large site;1,387
Large site;1,45
Large site;1,047
Large site;0,986
Large site;1,179
Large site;1,35
Large site;2,299
Large site;0,318
Large site;4,704
Large site;4,74
Large site;3,086
Large site;3,251
Large site;3,118
Large site;3,283
Large site;1,734
Large site;1,437
Large site;1,476
Large site;0,867
Large site;0,246
Large site;0,339
Large site;2,928
Large site;0,961
Large site;0,736
Large site;0,775
Large site;0,787
Large site;2,078
Large site;2,134
Large site;1,958
Large site;0,333
Large site;0,116
Large site;0,343
Large site;1,528
Large site;1,798
Large site;1,817
Large site;1,995
Large site;2,113
Large site;1,895
Large site;2,184
Large site;1,858
Large site;2,082
Large site;0,293
Large site;0,61
Large site;1,17
Large site;0,346
Large site;0,521
Large site;0,939
Large site;0,944
Large site;0,983
Large site;0,602
Large site;0,396
Large site;0,789
Large site;0,584
Large site;0,289
Large site;0,502
Large site;0,195
Large site;0,407
Large site;0,76
Large site;0,886
Large site;0,666
Large site;1,212
Large site;0,176
Large site;0,625
Large site;0,7
Large site;1,325
Large site;1,468
Large site;1,63
Large site;0,68
Large site;2,298
Large site;2,355
Large site;2,178
Large site;0,949
Large site;0,152
Large site;0,288
Large site;0,227
Large site;0,482
Large site;0,718
Large site;0,502
Large site;0,453
Large site;1,198
Large site;1,353
Large site;1,748
Large site;1,682
Large site;1,782
Large site;1,961
Large site;1,996
Large site;2,183
Large site;2,299
Large site;2,069
Large site;2,341
Large site;1,903
Large site;2,077
Large site;2,303
Large site;2,155
Large site;0,853
Large site;0,496
Large site;0,31
Large site;0,337
Large site;0,388
Large site;0,277
Large site;0,106
Large site;0,269
Large site;0,402
Large site;0,54
Large site;0,622
Large site;0,659
Large site;1,188
Large site;1,772
Large site;2,16
Large site;2,12
Large site;2,193
Large site;0,632
Large site;1,012
Large site;1,858
Large site;1,674
Large site;2,064
Large site;1,805
Large site;2,046
Large site;1,782
Large site;0,222
Large site;2,194
Large site;0,168
Large site;1,692
Large site;1,938
Large site;2,045
Large site;2,171
Large site;1,877
Large site;1,844
Large site;2,103
Large site;1,954
Large site;2,042
Large site;1,963
Large site;1,836
Large site;2,089
Large site;2,28
Large site;2,165
Large site;2,278
Large site;1,763
Large site;1,496
Large site;1,545
Large site;1,872
Large site;1,92
Large site;1,914
Large site;2,439
Large site;2,22
Large site;2,558
Large site;2,455
Large site;2,693
Large site;2,113
Large site;1,96
Large site;1,76
Large site;1,855
Large site;2,299
Large site;1,731
Large site;1,544
Large site;2,057
Large site;2,223
Large site;2,232
Large site;2,405
Large site;2,141
Large site;2,194
Large site;2,476
Large site;2,473
Large site;2,55
Large site;2,529
Large site;2,551
Large site;1,662
Large site;2,588
Large site;1,977
Large site;1,811
Large site;1,728
Large site;1,607
Large site;1,843
Large site;2,012
Large site;1,894
Large site;2,008
Large site;1,594
Large site;1,338
Large site;1,394
Large site;1,751
Large site;1,779
Large site;2,214
Large site;1,996
Large site;2,319
Large site;2,238
Large site;1,731
Large site;1,636
Large site;2,069
Large site;0,183
Large site;0,1
Large site;1,592
Large site;1,845
Large site;2,022
Large site;2,215
Large site;1,966
Large site;2,245
Large site;2,229
Large site;2,3
Large site;2,338
Large site;1,49
Large site;2,365
Large site;1,76
Large site;1,688
Large site;1,872
Large site;2,248
Large site;2,2
Large site;0,443
Large site;0,294
Large site;2,278
Large site;1,135
Large site;0,955
Large site;1,013
Large site;1,054
Large site;1,986
Large site;1,795
Large site;2,188
Large site;1,94
Large site;2,184
Large site;1,647
Large site;1,903
Large site;0,226
Large site;0,168
Large site;2,233
Large site;0,954
Large site;1,09
Large site;1,727
Large site;1,81
Large site;2,064
Large site;2,162
Large site;2,286
Large site;2,012
Large site;1,984
Large site;2,139
Large site;1,096
Large site;2,089
Large site;0,599
Large site;0,782
Large site;1,164
Large site;1,128
Large site;0,657
Large site;1,197
Large site;1,367
Large site;0,242
Large site;0,966
Large site;0,752
Large site;1,14
Large site;0,952
Large site;0,561
Large site;0,853
Large site;0,547
Large site;0,918
Large site;0,851
Large site;1,419
Large site;1,544
Large site;1,701
Large site;1,09
Large site;0,354
Large site;0,751
Large site;1,028
Large site;1,095
Large site;1,211
Large site;1,032
Large site;1,216
Large site;1,098
Large site;1,735
Large site;1,658
Large site;1,152
Large site;3,028
Large site;3,428
Large site;3,485
Large site;3,533
Large site;3,574
Large site;3,751
Large site;1,104
Large site;3,438
Large site;3,661
Large site;1,164
Large site;1,061
Large site;0,991
Large site;0,982
Large site;0,514
Large site;0,478
Large site;0,462
Large site;0,463
Large site;1,788
Large site;1,957
Large site;2,189
Large site;1,487
Large site;1,152
Large site;0,424
Large site;0,338
Large site;0,429
Large site;2,14
Large site;1,45
Large site;3,383
Large site;0,546
Large site;0,557
Large site;0,623
Large site;0,688
Large site;0,748
Large site;0,845
Large site;0,125
Large site;0,173
Large site;0,288
Large site;2,251
Large site;2,434
Large site;2,673
Large site;1,413
Large site;0,229
Large site;2,164
Large site;1,451
Large site;0,443
Large site;0,537
Large site;0,792
Large site;0,265
Large site;0,314
Large site;0,405
Large site;0,429
Large site;1,389
Large site;2,27
Large site;2,453
Large site;2,692
Large site;1,408
Large site;0,369
Large site;2,718
Large site;2,973
Large site;2,649
Large site;2,436
Large site;2,515
Large site;2,966
Large site;3,174
Large site;3,015
Large site;2,705
Large site;3,075
Large site;3,224
Large site;3,451
Large site;3,769
Large site;4,967
Large site;0,19
Large site;2,222
Large site;2,161
Large site;2,628
Large site;3,086
Large site;3,074
Large site;2,974
Large site;3,154
Large site;3,189
Large site;3,244
Large site;3,305
Large site;4,167
Large site;4,201
Large site;3,401
Large site;4,094
Large site;3,841
Large site;3,573
Large site;3,706
Large site;4,524
Large site;4,802
Large site;4,822
Large site;4,386
Large site;4,721
Large site;4,904
Large site;4,836
Large site;1,358
Large site;2,803
Large site;2,654
Large site;2,56
Large site;2,893
Large site;2,715
Large site;2,533
Large site;3,282
Large site;3,445
Large site;3,92
Large site;4,267
Large site;4,877
Large site;0,88
Large site;0,872
Large site;0,904
Large site;0,95
Large site;1,002
Large site;1,153
Large site;1,066
Large site;2,283
Large site;2,461
Large site;2,698
Large site;1,945
Large site;2,635
Large site;4,714
Large site;4,342
Large site;0,883
Large site;1,793
Large site;1,131
Large site;0,697
Large site;0,603
Large site;0,563
Large site;0,656
Large site;0,358
Large site;0,429
Large site;0,914
Large site;0,969
Large site;1,908
Large site;2,089
Large site;2,328
Large site;1,102
Large site;1,011
Large site;0,896
Large site;0,27
Large site;2,253
Large site;2,13
Large site;0,902
Large site;0,565
Large site;0,605
Large site;0,66
Large site;0,303
Large site;2,26
Large site;2,354
Large site;2,513
Large site;2,185
Large site;2,168
Large site;0,279
Large site;0,517
Large site;2,217
Large site;2,725
Large site;2,508
Large site;2,384
Large site;2,88
Large site;3,386
Large site;4,341
Large site;4,494
Large site;4,787
Large site;2,65
Large site;1,658
Large site;2,257
Large site;2,986
Large site;2,543
Large site;4,442
Large site;3,822
Large site;3,873
Large site;3,869
Large site;3,727
Large site;3,891
Large site;4,639
Large site;1,813
Large site;2,176
Large site;2,151
Large site;2,653
Large site;2,55
Large site;2,413
Large site;2,553
Large site;2,632
Large site;3,939
Large site;2,397
Large site;2,392
Large site;2,274
Large site;2,066
Large site;1,957
Large site;2,434
Large site;2,453
Large site;2,223
Large site;2,455
Large site;2,396
Large site;2,157
Large site;2,364
Large site;2,227
Large site;2,089
Large site;2,082
Large site;1,761
Large site;1,803
Large site;1,795
Large site;1,626
Large site;1,413
Large site;1,661
Large site;2,172
Large site;2,052
Large site;1,978
Large site;2,354
Large site;2,239
Large site;2,177
Large site;2,141
Large site;2,041
Large site;2
Large site;0,435
Large site;0,567
Large site;1,948
Large site;1,659
Large site;2,124
Large site;2,282
Large site;2,284
Large site;2,469
Large site;2,161
Large site;1,894
Large site;1,928
Large site;2,133
Large site;2,148
Large site;2,148
Large site;1,845
Large site;1,768
Large site;0,548
Large site;0,938
Large site;0,99
Large site;0,991
Large site;0,249
Large site;0,292
Large site;0,337
Large site;1,94
Large site;1,938
Large site;2,1
Large site;2,223
Large site;2,022
Large site;2,332
Large site;2,07
Large site;0,233
Large site;0,306
Large site;0,596
Large site;0,73
Large site;0,205
Large site;1,393
Large site;1,317
Large site;1,71
Large site;2,175
Large site;1,897
Large site;1,727
Large site;2,153
Large site;2,68
Large site;3,66
Large site;3,948
Large site;4,257
Large site;1,887
Large site;1,193
Large site;2,193
Large site;4,981
Large site;2,269
Large site;2,092
Large site;3,411
Large site;3,087
Large site;3,141
Large site;3,152
Large site;3,064
Large site;4,671
Large site;4,233
Large site;3,238
Large site;3,866
Large site;4,918
Large site;1,489
Large site;1,242
Large site;1,654
Large site;1,595
Large site;1,444
Large site;2,093
Large site;1,953
Large site;1,783
Large site;1,853
Large site;1,895
Large site;2,903
Large site;3,242
Large site;1,922
Large site;1,85
Large site;0,892
Large site;1,807
Large site;1,779
Large site;1,681
Large site;1,457
Large site;1,651
Large site;1,602
Large site;1,384
Large site;1,622
Large site;1,446
Large site;1,26
Large site;1,59
Large site;1,309
Large site;1,387
Large site;1,42
Large site;1,208
Large site;1,088
Large site;1,619
Large site;2,185
Large site;2,146
Large site;2,119
Large site;2,059
Large site;1,985
Large site;1,881
Large site;2,005
Large site;1,847
Large site;1,527
Large site;1,724
Large site;1,685
Large site;1,409
Large site;1,453
Large site;1,368
Large site;1,451
Large site;1,727
Large site;2,017
Large site;1,989
Large site;1,989
Large site;0,415
Large site;2,007
Large site;1,886
Large site;0,388
Large site;0,317
Large site;0,357
Large site;0,225
Large site;2,019
Large site;2,124
Large site;2,295
Large site;1,906
Large site;0,203
Large site;0,135
Large site;3,128
Large site;2,649
Large site;2,406
Large site;2,022
Large site;2,131
Large site;2,258
Large site;2,539
Large site;3,45
Large site;0,289
Large site;0,217
Large site;0,921
Large site;0,734
Large site;0,912
Large site;0,261
Large site;1,956
Large site;2,032
Large site;3,047
Large site;2,209
Large site;2,316
Large site;2,843
Large site;2,373
Large site;3,135
Large site;2,506
Large site;1,744
Large site;1,933
Large site;2,359
Large site;2,364
Large site;2,25
Large site;2,627
Large site;2,755
Large site;2,669
Large site;2,762
Large site;2,698
Large site;2,749
Large site;3,009
Large site;2,758
Large site;2,682
Large site;2,778
Large site;3,094
Large site;3,306
Large site;3,335
Large site;3,06
Large site;3,304
Large site;3,438
Large site;3,744
Large site;3,427
Large site;3,747
Large site;4,312
Large site;0,859
Large site;0,965
Large site;1,705
Large site;2,173
Large site;2,15
Large site;1,98
Large site;2,369
Large site;2,365
Large site;2,931
Large site;3,069
Large site;3,249
Large site;3,546
Large site;3,27
Large site;3,339
Large site;3,075
Large site;2,923
Large site;2,961
Large site;2,915
Large site;2,732
Large site;1,822
Large site;2,828
Large site;3,562
Large site;3,349
Large site;0,198
Large site;3,239
Large site;3,204
Large site;3,433
Large site;3,509
Large site;2,993
Large site;3,612
Large site;2,073
Large site;2,952
Large site;1,992
Large site;0,724
Large site;1,154
Large site;1,688
Large site;2,948
Large site;3,044
Large site;2,993
Large site;2,754
Large site;2,472
Large site;2,427
Large site;2,815
Large site;2,171
Large site;2,143
Large site;3,063
Large site;1,904
Large site;1,839
Large site;2,374
Large site;1,771
Large site;2,242
Large site;1,681
Large site;1,634
Large site;1,578
Large site;1,733
Large site;1,459
Large site;1,228
Large site;1,749
Large site;2,017
Large site;2,746
Large site;2,699
Large site;2,534
Large site;2,063
Large site;1,663
Large site;2,091
Large site;2,325
Large site;1,687
Large site;1,906
Large site;1,777
Large site;1,397
Large site;1,899
Large site;0,951
Large site;2,156
Large site;0,846
Large site;1,518
Large site;1,587
Large site;1,236
Large site;1,318
Large site;1,551
Large site;2,042
Large site;1,822
Large site;2,58
Large site;2,648
Large site;0,631
Large site;0,436
Large site;0,67
Large site;0,724
Large site;2,848
Large site;2,952
Large site;2,756
Large site;2,843
Large site;2,968
Large site;1,638
Large site;1,518
Large site;1,872
Large site;1,167
Large site;0,257
Large site;0,618
Large site;2,674
Large site;1,34
